keyword,avg_monthly_searches,cpc_low,cpc_high,competition_score,competition_text,currency,cpc
vfx studio,1600.0,1.91,5.59,5.0,Low,CAD,3.75
3d animation services,1000.0,11.71,44.57,5.0,Low,CAD,28.14
video production company,8100.0,5.34,21.51,7.0,Low,CAD,13.425
commercial video production,1300.0,5.47,28.7,3.0,Low,CAD,17.085
advertising video production,320.0,5.59,52.36,3.0,Low,CAD,28.975
social media video production,1000.0,5.53,20.04,4.0,Low,CAD,12.785
product video production,390.0,12.2,44.72,4.0,Low,CAD,28.46
3d animation company,1600.0,3.38,25.46,12.0,Low,CAD,14.42
animation services,880.0,5.58,30.69,12.0,Low,CAD,18.135
video production,18100.0,4.04,14.84,8.0,Low,CAD,9.44
explainer videos,1900.0,8.59,38.95,29.0,Low,CAD,23.770000000000003
video brochures,1300.0,8.6,27.95,100.0,High,CAD,18.275
video production near me,6600.0,4.58,20.43,8.0,Low,CAD,12.504999999999999
explainer video company,880.0,11.18,43.32,14.0,Low,CAD,27.25
corporate video production,2900.0,6.51,32.18,5.0,Low,CAD,19.345
video agency,1600.0,4.54,21.37,10.0,Low,CAD,12.955
video production companies near me,1900.0,4.86,21.62,20.0,Low,CAD,13.24
animated explainer videos,720.0,10.47,45.39,17.0,Low,CAD,27.93
video editing company,1000.0,4.13,20.59,27.0,Low,CAD,12.36
product demo video,390.0,8.27,31.12,20.0,Low,CAD,19.695
corporate video,2900.0,4.35,20.17,10.0,Low,CAD,12.260000000000002
video editing agency,1000.0,3.29,13.59,8.0,Low,CAD,8.44
animated video production services,260.0,26.32,51.95,3.0,Low,CAD,39.135000000000005
product videography,1900.0,4.81,20.92,24.0,Low,CAD,12.865
product video,1900.0,4.81,20.92,24.0,Low,CAD,12.865
medical animation,880.0,4.28,20.96,21.0,Low,CAD,12.620000000000001
3d product animation,480.0,5.28,26.71,22.0,Low,CAD,15.995000000000001
production companies near me,3600.0,2.47,10.58,29.0,Low,CAD,6.525
video production services,8100.0,5.36,20.96,3.0,Low,CAD,13.16
product video maker,320.0,4.09,18.22,32.0,Low,CAD,11.155
video animation services,880.0,11.38,48.31,5.0,Low,CAD,29.845000000000002
video marketing agency,1300.0,6.65,24.23,8.0,Low,CAD,15.440000000000001
explainer video agency,260.0,11.82,42.37,7.0,Low,CAD,27.095
demo video,720.0,7.34,27.57,23.0,Low,CAD,17.455
explainer video services,590.0,10.77,41.18,6.0,Low,CAD,25.975
music video production,1300.0,2.23,7.09,12.0,Low,CAD,4.66
product explainer video,170.0,11.89,39.97,19.0,Low,CAD,25.93
3d animation studios,1600.0,3.38,25.46,12.0,Low,CAD,14.42
animated video agency,320.0,12.45,46.69,6.0,Low,CAD,29.57
music video production near me,880.0,2.46,7.43,38.0,Medium,CAD,4.945
commercial production companies,720.0,5.4,24.26,23.0,Low,CAD,14.830000000000002
video company,2900.0,4.99,25.88,10.0,Low,CAD,15.434999999999999
explainer video production,720.0,6.92,34.99,6.0,Low,CAD,20.955000000000002
music videographer near me,480.0,2.03,6.6,43.0,Medium,CAD,4.3149999999999995
media production company,880.0,3.07,12.07,7.0,Low,CAD,7.57
corporate videographer,2900.0,4.35,20.17,10.0,Low,CAD,12.260000000000002
personalized videos,590.0,1.96,48.3,11.0,Low,CAD,25.13
commercial videographer,1300.0,4.39,22.14,13.0,Low,CAD,13.265
video production agency,1300.0,4.67,20.96,6.0,Low,CAD,12.815000000000001
video production house,260.0,6.51,31.78,6.0,Low,CAD,19.145
video animation company,320.0,12.45,47.46,10.0,Low,CAD,29.955
product animation,480.0,4.89,15.47,17.0,Low,CAD,10.18
video production studio,1300.0,4.36,17.75,7.0,Low,CAD,11.055
animated video production,1000.0,14.7,51.78,4.0,Low,CAD,33.24
creative video agency,590.0,3.76,23.76,5.0,Low,CAD,13.760000000000002
videography company,2900.0,4.99,25.88,10.0,Low,CAD,15.434999999999999
lemonlight media,140.0,13.98,13.98,11.0,Low,CAD,13.98
animated explainer video company,720.0,16.28,53.38,5.0,Low,CAD,34.83
video production pricing sheet,170.0,2.66,8.3,14.0,Low,CAD,5.48
commercial video,1300.0,4.39,22.14,13.0,Low,CAD,13.265
video animation services usa,50.0,11.74,31.14,17.0,Low,CAD,21.44
3d animation agency,170.0,4.89,40.11,4.0,Low,CAD,22.5
video content agency,320.0,6.75,21.13,7.0,Low,CAD,13.94
video ad agency,880.0,7.78,35.31,4.0,Low,CAD,21.545
explainer video production companies,140.0,16.99,41.93,3.0,Low,CAD,29.46
video marketing companies,1300.0,8.92,45.31,3.0,Low,CAD,27.115000000000002
video production services near me,6600.0,4.14,20.21,4.0,Low,CAD,12.175
music video production companies,390.0,2.07,5.17,21.0,Low,CAD,3.62
production agency,590.0,2.25,8.33,10.0,Low,CAD,5.29
2d animation studios,1000.0,2.94,15.39,10.0,Low,CAD,9.165000000000001
best company to transfer 8mm film to digital,90.0,2.46,9.14,99.0,High,CAD,5.800000000000001
3d animation video maker,140.0,1.61,4.79,51.0,Medium,CAD,3.2
video companies near me,720.0,5.65,28.7,13.0,Low,CAD,17.175
product videos for marketing,320.0,5.72,25.16,10.0,Low,CAD,15.44
brand video,1600.0,3.94,20.07,12.0,Low,CAD,12.005
medical animation companies,260.0,7.77,23.62,16.0,Low,CAD,15.695
video production website,590.0,2.73,11.59,7.0,Low,CAD,7.16
2d animation companies,1000.0,2.94,15.39,10.0,Low,CAD,9.165000000000001
videography agency,390.0,4.78,27.95,15.0,Low,CAD,16.365
video advertising agency,880.0,7.78,35.31,4.0,Low,CAD,21.545
video makers near me,140.0,3.72,13.01,43.0,Medium,CAD,8.365
video creation agency,110.0,18.88,72.92,3.0,Low,CAD,45.9
tv commercial production companies,1000.0,8.81,46.9,6.0,Low,CAD,27.855
promotional videos for business,390.0,5.78,25.36,6.0,Low,CAD,15.57
explainer video cost,480.0,6.93,28.96,5.0,Low,CAD,17.945
media production companies near me,390.0,3.68,15.08,26.0,Low,CAD,9.38
video editing companies near me,260.0,2.95,24.43,25.0,Low,CAD,13.69
3d product animation video,90.0,3.45,7.97,10.0,Low,CAD,5.71
motion graphics animation,1000.0,3.11,12.95,13.0,Low,CAD,8.03
video production studios near me,590.0,2.5,14.29,22.0,Low,CAD,8.395
medical animation videos,210.0,4.19,18.17,12.0,Low,CAD,11.180000000000001
event videography pricing,260.0,1.75,6.32,18.0,Low,CAD,4.035
video making company,170.0,6.35,25.16,5.0,Low,CAD,15.754999999999999
local video production companies,590.0,4.53,17.33,10.0,Low,CAD,10.93
commercial video advertising,50.0,11.79,67.08,27.0,Low,CAD,39.435
best video production companies,260.0,6.59,18.82,7.0,Low,CAD,12.705
videography services near me,1300.0,4.54,18.08,27.0,Low,CAD,11.309999999999999
youtube production agencies,10.0,,,0.0,Low,CAD,
3d motion graphics,390.0,2.78,10.47,16.0,Low,CAD,6.625
animated explainer video agency,90.0,11.51,41.93,11.0,Low,CAD,26.72
animated corporate videos,480.0,10.17,36.0,6.0,Low,CAD,23.085
social media production company,390.0,5.41,19.19,7.0,Low,CAD,12.3
3d medical animation,260.0,4.16,20.96,16.0,Low,CAD,12.56
video ad production,320.0,5.44,41.24,3.0,Low,CAD,23.34
video production for small businesses,260.0,8.32,37.62,4.0,Low,CAD,22.97
brand video production,720.0,7.01,36.07,2.0,Low,CAD,21.54
video marketing company near me,140.0,9.88,44.04,7.0,Low,CAD,26.96
animation agencies,590.0,5.73,40.94,12.0,Low,CAD,23.335
animated logo design,170.0,1.77,6.93,29.0,Low,CAD,4.35
b2b video production,170.0,13.33,53.57,8.0,Low,CAD,33.45
2d animation services,390.0,6.66,36.5,6.0,Low,CAD,21.58
top video production companies,260.0,4.25,23.72,9.0,Low,CAD,13.985
photography and videography services,480.0,2.83,10.9,12.0,Low,CAD,6.865
music video producers near me,880.0,2.46,7.43,38.0,Medium,CAD,4.945
video creation companies,8100.0,5.34,21.51,7.0,Low,CAD,13.425
3d character design,480.0,1.62,4.89,13.0,Low,CAD,3.255
corporate video maker,140.0,10.3,41.93,5.0,Low,CAD,26.115000000000002
video production agency near me,480.0,4.2,25.71,5.0,Low,CAD,14.955
av production companies near me,170.0,5.77,18.39,36.0,Medium,CAD,12.08
mega fan crunchyroll,1000.0,1.17,5.06,18.0,Low,CAD,3.1149999999999998
short film production companies,210.0,2.05,6.2,16.0,Low,CAD,4.125
event video production,720.0,4.24,15.26,4.0,Low,CAD,9.75
business videographer near me,110.0,5.74,25.99,36.0,Medium,CAD,15.864999999999998
2d animation explainer video,90.0,11.18,46.44,28.0,Low,CAD,28.81
fiverr logo animation,90.0,1.8,6.46,28.0,Low,CAD,4.13
2d animation video,170.0,3.0,25.87,21.0,Low,CAD,14.435
youtube production company,140.0,3.52,14.41,20.0,Low,CAD,8.965
product launch video,210.0,5.87,22.95,24.0,Low,CAD,14.41
video agency near me,260.0,4.43,21.16,28.0,Low,CAD,12.795
corporate video services,720.0,8.48,33.08,1.0,Low,CAD,20.78
digital video production,390.0,3.41,14.27,6.0,Low,CAD,8.84
commercial videographer near me,260.0,4.19,27.54,22.0,Low,CAD,15.865
tv commercial production,880.0,6.63,36.04,1.0,Low,CAD,21.335
video advertising companies,480.0,11.7,63.43,4.0,Low,CAD,37.565
video production proposal,110.0,2.12,9.35,4.0,Low,CAD,5.734999999999999
ross carbonite,720.0,0.99,2.33,91.0,High,CAD,1.6600000000000001
video content creation agency,70.0,6.19,29.69,11.0,Low,CAD,17.94
videography business,260.0,3.54,13.29,15.0,Low,CAD,8.415
amazon video production,140.0,,,4.0,Low,CAD,
audio visual production companies,720.0,3.24,13.79,12.0,Low,CAD,8.515
youtube video production company,70.0,3.19,15.36,17.0,Low,CAD,9.275
custom logo animation,90.0,1.7,9.45,58.0,Medium,CAD,5.574999999999999
best explainer video companies,140.0,6.34,41.03,8.0,Low,CAD,23.685000000000002
best corporate videos,140.0,2.33,15.08,22.0,Low,CAD,8.705
saas video production,140.0,9.78,38.81,14.0,Low,CAD,24.295
music video companies,260.0,2.21,6.29,16.0,Low,CAD,4.25
video industry,140.0,,,0.0,Low,CAD,
social media video production company,390.0,5.41,19.19,7.0,Low,CAD,12.3
video marketing agency near me,320.0,6.93,22.33,6.0,Low,CAD,14.629999999999999
lemonlight video,70.0,7.69,22.51,33.0,Low,CAD,15.100000000000001
corporate video production companies,480.0,12.02,41.93,6.0,Low,CAD,26.975
company promotional video,480.0,5.9,26.18,4.0,Low,CAD,16.04
fiverr 3d animation,70.0,1.44,9.32,39.0,Medium,CAD,5.38
real estate video editing services,110.0,2.9,15.46,39.0,Medium,CAD,9.18
social media video agency,140.0,3.83,19.1,9.0,Low,CAD,11.465
fiverr explainer video,70.0,2.66,11.85,68.0,High,CAD,7.255
videography companies near me,720.0,5.65,28.7,13.0,Low,CAD,17.175
marketing video production company,320.0,7.94,37.48,4.0,Low,CAD,22.709999999999997
vfx companies,590.0,2.27,6.45,8.0,Low,CAD,4.36
video production cost,170.0,2.66,8.18,5.0,Low,CAD,5.42
tiktok video production company,20.0,,,0.0,Low,CAD,
corporate event videography,260.0,5.34,21.13,7.0,Low,CAD,13.235
corporate explainer videos,170.0,4.86,26.71,6.0,Low,CAD,15.785
training video production companies,390.0,6.91,49.29,4.0,Low,CAD,28.1
explainer animation studio,20.0,6.92,16.49,13.0,Low,CAD,11.704999999999998
best product videos,140.0,4.12,17.76,23.0,Low,CAD,10.940000000000001
best marketing video maker,20.0,10.89,31.11,32.0,Low,CAD,21.0
event video production companies,70.0,,,0.0,Low,CAD,
creative video,480.0,2.12,14.12,12.0,Low,CAD,8.12
filming companies near me,880.0,2.35,9.42,29.0,Low,CAD,5.885
3d product animation video company,70.0,15.82,41.55,11.0,Low,CAD,28.685
professional video production,480.0,6.62,55.9,2.0,Low,CAD,31.259999999999998
panasonic kairos,260.0,1.84,5.09,11.0,Low,CAD,3.465
best promo video maker,70.0,6.89,23.52,9.0,Low,CAD,15.205
social explainer video,20.0,6.46,26.43,20.0,Low,CAD,16.445
corporate video companies,480.0,6.68,34.52,2.0,Low,CAD,20.6
b2b video agency,40.0,6.01,25.34,16.0,Low,CAD,15.675
video creator company,10.0,,,17.0,Low,CAD,
corporate video agency,260.0,12.53,41.93,2.0,Low,CAD,27.23
tv production,1600.0,1.93,10.43,3.0,Low,CAD,6.18
commercial video services,170.0,5.67,25.16,1.0,Low,CAD,15.415
film and video production,260.0,4.15,19.16,13.0,Low,CAD,11.655000000000001
youtube video editing company,30.0,3.74,10.8,25.0,Low,CAD,7.2700000000000005
promotional video production,590.0,4.37,35.75,2.0,Low,CAD,20.06
motion graphics services,390.0,6.89,32.41,3.0,Low,CAD,19.65
motion graphics company,880.0,3.34,14.48,3.0,Low,CAD,8.91
3d product animation services,210.0,12.56,50.31,6.0,Low,CAD,31.435000000000002
commercial video production near me,210.0,9.71,29.81,2.0,Low,CAD,19.759999999999998
video production business,880.0,4.17,37.59,3.0,Low,CAD,20.880000000000003
amazon sponsored brand video,50.0,6.99,18.17,21.0,Low,CAD,12.580000000000002
lemonlight video production,90.0,8.09,23.37,40.0,Medium,CAD,15.73
video production company website,590.0,2.73,11.59,7.0,Low,CAD,7.16
marketing video production,1000.0,7.17,38.4,3.0,Low,CAD,22.785
ecommerce video,480.0,4.52,14.09,6.0,Low,CAD,9.305
commercial production companies near me,170.0,5.39,26.92,19.0,Low,CAD,16.155
ross video switcher,210.0,1.59,3.52,92.0,High,CAD,2.555
animation 3d maker,1900.0,1.52,5.09,29.0,Low,CAD,3.3049999999999997
logo animation services,260.0,4.06,15.54,9.0,Low,CAD,9.799999999999999
whiteboard animation service,210.0,9.87,66.53,3.0,Low,CAD,38.2
digital filmmaking,260.0,6.89,22.95,13.0,Low,CAD,14.92
youtube video production services,50.0,1.66,34.43,4.0,Low,CAD,18.044999999999998
video production for businesses,880.0,4.17,37.59,3.0,Low,CAD,20.880000000000003
video recording company,20.0,3.82,27.49,17.0,Low,CAD,15.655
corporate video production near me,2400.0,5.31,41.93,1.0,Low,CAD,23.62
brand video maker,30.0,3.03,12.52,30.0,Low,CAD,7.7749999999999995
audio and video companies near me,40.0,3.35,22.92,58.0,Medium,CAD,13.135000000000002
video maker company,10.0,,,9.0,Low,CAD,
corporate video makers,140.0,10.3,41.93,5.0,Low,CAD,26.115000000000002
best video production websites,90.0,2.27,11.49,21.0,Low,CAD,6.88
film production agency,170.0,2.33,5.69,6.0,Low,CAD,4.01
video ad making company,10.0,,,,Unknown,CAD,
educational video production companies,170.0,2.08,18.87,2.0,Low,CAD,10.475000000000001
digital video agency,90.0,5.29,22.74,3.0,Low,CAD,14.014999999999999
media production agency,880.0,3.07,12.07,7.0,Low,CAD,7.57
lemonlight pricing,30.0,6.99,42.32,46.0,Medium,CAD,24.655
video post production,480.0,3.65,23.42,4.0,Low,CAD,13.535
audio video production,260.0,3.84,18.16,5.0,Low,CAD,11.0
video making agency,30.0,,,4.0,Low,CAD,
corporate production companies,170.0,12.82,35.61,9.0,Low,CAD,24.215
full service production company,320.0,4.19,14.8,5.0,Low,CAD,9.495000000000001
whiteboard animation companies,140.0,8.54,49.09,6.0,Low,CAD,28.815
architectural animation,480.0,3.49,10.48,10.0,Low,CAD,6.985
cgi video production,90.0,,,2.0,Low,CAD,
sydney video producer,10.0,4.76,23.28,40.0,Medium,CAD,14.02
healthcare video production companies,30.0,,,4.0,Low,CAD,
interactive video production,50.0,,,2.0,Low,CAD,
commercial video production company,480.0,11.67,41.93,3.0,Low,CAD,26.8
digital film production,140.0,3.22,21.31,9.0,Low,CAD,12.264999999999999
average cost of tv commercial production,30.0,,,3.0,Low,CAD,
video to promote your business,10.0,3.4,18.66,77.0,High,CAD,11.03
home video studio,480.0,,,3.0,Low,CAD,
wedding video editing company,30.0,3.0,7.66,15.0,Low,CAD,5.33
medical animation studio,90.0,4.6,20.96,19.0,Low,CAD,12.780000000000001
cinematography and film video production,140.0,5.3,29.7,18.0,Low,CAD,17.5
motion graphics design,6600.0,3.28,12.84,13.0,Low,CAD,8.06
3d animation companies near me,40.0,,,8.0,Low,CAD,
animated video production company,320.0,13.98,45.74,4.0,Low,CAD,29.86
marketing video agency,1300.0,6.65,24.23,8.0,Low,CAD,15.440000000000001
3d explainer video maker,10.0,,,9.0,Low,CAD,
animated explainer video production,720.0,16.28,53.38,5.0,Low,CAD,34.83
miami production company,110.0,4.09,12.17,26.0,Low,CAD,8.129999999999999
brand video agency,90.0,10.16,37.65,2.0,Low,CAD,23.905
corporate film production,210.0,7.45,17.81,1.0,Low,CAD,12.629999999999999
small video production company,30.0,5.86,19.31,54.0,Medium,CAD,12.584999999999999
corporate films,260.0,4.82,16.03,5.0,Low,CAD,10.425
best saas explainer videos,50.0,7.37,24.51,13.0,Low,CAD,15.940000000000001
3d animation services company,70.0,,,1.0,Low,CAD,
video explainer company,40.0,,,1.0,Low,CAD,
cgi animation companies,90.0,3.78,18.57,18.0,Low,CAD,11.175
music video makers near me,50.0,2.75,7.28,61.0,Medium,CAD,5.015000000000001
animated explainer video services,210.0,12.84,45.92,4.0,Low,CAD,29.380000000000003
video ad making agency,10.0,11.32,34.57,96.0,High,CAD,22.945
top commercial production companies,140.0,3.93,18.45,11.0,Low,CAD,11.19
video production house near me,50.0,3.37,27.95,43.0,Medium,CAD,15.66
film editing companies,110.0,3.3,12.7,21.0,Low,CAD,8.0
sponsored brand video,70.0,6.65,36.34,11.0,Low,CAD,21.495
whiteboard explainer video company,20.0,,,15.0,Low,CAD,
promotional video maker near me,40.0,6.72,12.29,23.0,Low,CAD,9.504999999999999
fiverr 2d animation,40.0,1.44,5.95,23.0,Low,CAD,3.6950000000000003
promo video production company,40.0,,,2.0,Low,CAD,
full service video production,260.0,3.76,21.38,2.0,Low,CAD,12.57
media production services,210.0,3.47,12.55,5.0,Low,CAD,8.01
branded content production companies,70.0,4.76,17.3,25.0,Low,CAD,11.030000000000001
3d animation design,110.0,2.17,8.23,11.0,Low,CAD,5.2
advertising agency video,880.0,7.78,35.31,4.0,Low,CAD,21.545
corporate videographer near me,390.0,4.5,35.76,11.0,Low,CAD,20.13
vyond price,1300.0,1.2,6.95,27.0,Low,CAD,4.075
3d product animation company,140.0,,,1.0,Low,CAD,
starting a video production company,50.0,1.3,12.05,16.0,Low,CAD,6.675000000000001
top explainer video companies,70.0,21.26,74.04,5.0,Low,CAD,47.650000000000006
2d motion graphics,140.0,2.28,9.78,11.0,Low,CAD,6.029999999999999
corporate promotional video,480.0,5.9,26.18,4.0,Low,CAD,16.04
video production company services,70.0,4.04,17.75,3.0,Low,CAD,10.895
tv commercial production companies near me,260.0,,,6.0,Low,CAD,
dc production companies,480.0,2.95,12.32,7.0,Low,CAD,7.635
commercial film production companies,50.0,6.76,17.25,4.0,Low,CAD,12.004999999999999
3d rendering animation,210.0,3.29,14.8,8.0,Low,CAD,9.045
video media company,50.0,5.24,39.53,12.0,Low,CAD,22.385
best video marketing agencies,70.0,,,3.0,Low,CAD,
top video marketing agencies,10.0,9.2,56.39,18.0,Low,CAD,32.795
3d animation rendering services,70.0,17.85,38.2,4.0,Low,CAD,28.025000000000002
video content marketing agency,170.0,11.57,26.78,3.0,Low,CAD,19.175
computer animation companies,70.0,2.54,15.83,8.0,Low,CAD,9.185
multimedia production company,90.0,3.58,27.95,6.0,Low,CAD,15.765
rent video studio,480.0,1.09,5.01,17.0,Low,CAD,3.05
cgi animation studios,90.0,3.78,18.57,18.0,Low,CAD,11.175
logo motion design,40.0,1.8,4.91,33.0,Low,CAD,3.355
biggest video production companies,20.0,,,9.0,Low,CAD,
mpc vfx,880.0,2.17,7.75,1.0,Low,CAD,4.96
outsource video production,50.0,3.33,28.16,4.0,Low,CAD,15.745000000000001
best marketing videos,140.0,6.09,19.19,12.0,Low,CAD,12.64
dneg animation,1600.0,,,0.0,Low,CAD,
corporate training video production,170.0,8.08,37.19,4.0,Low,CAD,22.634999999999998
video content creation company,70.0,8.87,81.71,15.0,Low,CAD,45.29
music video company near me,40.0,2.46,6.36,25.0,Low,CAD,4.41
animation outsourcing,140.0,5.69,24.88,8.0,Low,CAD,15.285
training video companies,140.0,9.7,71.16,14.0,Low,CAD,40.43
social media production agency,10.0,,,4.0,Low,CAD,
corporate video shoot,40.0,,,4.0,Low,CAD,
on demand video production,10.0,,,14.0,Low,CAD,
promotional video services,390.0,5.4,27.75,2.0,Low,CAD,16.575
video production services list,50.0,,,2.0,Low,CAD,
explainer video creation company,390.0,12.78,47.5,3.0,Low,CAD,30.14
video editing studio near me,40.0,1.86,9.45,45.0,Medium,CAD,5.654999999999999
arri hmi,110.0,,,89.0,High,CAD,
production agency near me,50.0,2.35,10.36,43.0,Medium,CAD,6.3549999999999995
3d walkthrough animation,140.0,2.07,6.58,1.0,Low,CAD,4.325
motion graphics logo,210.0,1.73,5.31,26.0,Low,CAD,3.5199999999999996
2d 3d animation,260.0,1.93,10.29,5.0,Low,CAD,6.109999999999999
video commercial production,1300.0,5.47,28.7,3.0,Low,CAD,17.085
promo video company,30.0,4.55,27.84,12.0,Low,CAD,16.195
commercial making,260.0,6.25,53.87,26.0,Low,CAD,30.06
lemonlight productions,110.0,5.97,13.98,12.0,Low,CAD,9.975
corporate video producer,140.0,6.89,49.17,4.0,Low,CAD,28.03
3d product animation studio,70.0,6.83,19.09,3.0,Low,CAD,12.96
product animation services,70.0,5.9,44.22,2.0,Low,CAD,25.06
av production companies,720.0,3.24,13.79,12.0,Low,CAD,8.515
commercial videography pricing,40.0,2.68,5.93,31.0,Low,CAD,4.305
social media video company,50.0,7.96,24.65,8.0,Low,CAD,16.305
social video agency,70.0,7.52,12.48,3.0,Low,CAD,10.0
advertising video making companies,40.0,,,0.0,Low,CAD,
3d animation production company,90.0,15.31,35.59,5.0,Low,CAD,25.450000000000003
video maker agency,10.0,,,5.0,Low,CAD,
corporate video content,20.0,,,2.0,Low,CAD,
digital video,880.0,2.54,12.28,3.0,Low,CAD,7.41
professional music video production company,30.0,2.0,6.01,26.0,Low,CAD,4.005
music video services near me,30.0,2.84,7.09,46.0,Medium,CAD,4.965
ecommerce video agency,10.0,,,20.0,Low,CAD,
music video production companies near me,40.0,2.93,5.53,19.0,Low,CAD,4.23
crunchyroll funimation merger,170.0,,,0.0,Low,CAD,
lemonlight agency,10.0,,,21.0,Low,CAD,
chicago production company,880.0,4.07,29.53,32.0,Low,CAD,16.8
b2b video production agency,30.0,5.58,55.98,32.0,Low,CAD,30.779999999999998
3d industrial animation,70.0,6.5,29.65,9.0,Low,CAD,18.075
3d motion design studio,20.0,4.77,15.14,24.0,Low,CAD,9.955
3d animation studios near me,110.0,2.47,14.76,26.0,Low,CAD,8.615
commercial video company,90.0,12.74,39.1,11.0,Low,CAD,25.92
3d animation fiverr,30.0,1.66,7.48,33.0,Low,CAD,4.57
animation outsourcing companies,70.0,,,2.0,Low,CAD,
audio video production company,40.0,3.0,6.85,25.0,Low,CAD,4.925
corporate video cost,260.0,2.8,13.86,9.0,Low,CAD,8.33
video production firm,8100.0,5.34,21.51,7.0,Low,CAD,13.425
media production house,40.0,3.68,14.88,14.0,Low,CAD,9.280000000000001
3d medical animation website,10.0,,,14.0,Low,CAD,
3d video company,40.0,,,3.0,Low,CAD,
best videography websites,390.0,1.94,15.93,15.0,Low,CAD,8.935
short video production company,20.0,2.95,10.87,8.0,Low,CAD,6.91
social media video producer,30.0,4.4,13.43,15.0,Low,CAD,8.915
2d explainer video company,50.0,14.15,42.34,10.0,Low,CAD,28.245
nashville film production companies,90.0,3.55,23.27,24.0,Low,CAD,13.41
motion graphics and animation,1000.0,3.11,12.95,13.0,Low,CAD,8.03
explainer company,40.0,,,0.0,Low,CAD,
creative agency video production,140.0,3.65,35.84,3.0,Low,CAD,19.745
video production sites,590.0,2.73,11.59,7.0,Low,CAD,7.16
motion logo design,70.0,2.29,5.87,14.0,Low,CAD,4.08
top tv commercial production companies,10.0,3.22,28.09,12.0,Low,CAD,15.655
sports video production companies,30.0,2.4,7.62,15.0,Low,CAD,5.01
photography production company,70.0,2.1,4.43,19.0,Low,CAD,3.2649999999999997
music video agency,70.0,1.62,3.9,14.0,Low,CAD,2.76
brand videographer,1600.0,3.94,20.07,12.0,Low,CAD,12.005
animation production studios,390.0,2.91,26.05,4.0,Low,CAD,14.48
best video editing companies,50.0,4.63,17.72,11.0,Low,CAD,11.174999999999999
whiteboard animation production company,70.0,16.78,26.31,2.0,Low,CAD,21.545
2d and 3d animation,590.0,2.66,12.91,4.0,Low,CAD,7.785
video animation studio,110.0,9.82,32.16,7.0,Low,CAD,20.99
prime video advertising,8100.0,5.94,39.83,4.0,Low,CAD,22.884999999999998
vfx studios near me,210.0,2.47,10.33,21.0,Low,CAD,6.4
adobe creative cloud animation,70.0,3.62,7.63,16.0,Low,CAD,5.625
video production company la,1900.0,5.42,20.61,10.0,Low,CAD,13.015
best explainer video,30.0,9.24,25.87,25.0,Low,CAD,17.555
whiteboard video production,110.0,13.61,53.38,2.0,Low,CAD,33.495000000000005
real estate video company,40.0,2.89,7.66,10.0,Low,CAD,5.275
production company services,110.0,3.84,11.84,9.0,Low,CAD,7.84
3d design studios,140.0,2.29,7.92,16.0,Low,CAD,5.105
whiteboard video company,50.0,9.98,23.93,7.0,Low,CAD,16.955
local video production,590.0,4.53,17.33,10.0,Low,CAD,10.93
corporate video production cost,260.0,4.45,18.24,3.0,Low,CAD,11.344999999999999
video content company,110.0,2.59,16.53,3.0,Low,CAD,9.56
tv advert production,880.0,6.63,36.04,1.0,Low,CAD,21.335
3d medical animation video,70.0,5.31,23.44,14.0,Low,CAD,14.375
social media videography,1600.0,2.87,11.39,11.0,Low,CAD,7.130000000000001
3d video agency,50.0,,,1.0,Low,CAD,
phoenix production companies,140.0,3.74,19.72,15.0,Low,CAD,11.73
animation video maker agency,10.0,,,13.0,Low,CAD,
brand animation video,20.0,7.98,38.86,30.0,Low,CAD,23.42
best commercial production companies,140.0,3.93,18.45,11.0,Low,CAD,11.19
explainer video animation company,50.0,14.11,63.49,4.0,Low,CAD,38.8
social video production,1000.0,5.53,20.04,4.0,Low,CAD,12.785
3d medical animation company,50.0,12.58,20.96,5.0,Low,CAD,16.77
funimation to crunchyroll,30.0,,,2.0,Low,CAD,
best video agency,50.0,3.27,13.98,10.0,Low,CAD,8.625
explainer videos for startups,110.0,7.8,37.17,3.0,Low,CAD,22.485
list of commercial production companies,10.0,,,5.0,Low,CAD,
best video production,40.0,3.35,18.41,8.0,Low,CAD,10.88
3d cgi,590.0,2.61,6.12,5.0,Low,CAD,4.365
brand explainer video,50.0,11.52,35.05,8.0,Low,CAD,23.284999999999997
agency video,1600.0,4.54,21.37,10.0,Low,CAD,12.955
corporate video production house,480.0,12.02,41.93,6.0,Low,CAD,26.975
curiosity stream dinosaurs,10.0,,,2.0,Low,CAD,
3d architectural rendering company,260.0,5.49,21.54,3.0,Low,CAD,13.515
black owned video production companies,10.0,3.12,7.2,54.0,Medium,CAD,5.16
corporate video production agency,2900.0,6.51,32.18,5.0,Low,CAD,19.345
3d animation commission,20.0,2.71,10.57,60.0,Medium,CAD,6.640000000000001
video post production services,210.0,2.9,11.84,1.0,Low,CAD,7.37
3d character animation company,20.0,,,0.0,Low,CAD,
social media video services,110.0,3.41,20.1,2.0,Low,CAD,11.755
brand commercial video,10.0,,,8.0,Low,CAD,
digital media production company,70.0,3.03,8.52,6.0,Low,CAD,5.7749999999999995
marketing and video production,20.0,3.01,15.37,20.0,Low,CAD,9.19
corporate videography services,720.0,8.48,33.08,1.0,Low,CAD,20.78
video content production agency,170.0,8.41,32.84,1.0,Low,CAD,20.625
interactive video company,40.0,,,1.0,Low,CAD,
viral video agency,40.0,2.5,10.45,9.0,Low,CAD,6.475
best video production agency,260.0,6.59,18.82,7.0,Low,CAD,12.705
tvc production company,50.0,,,0.0,Low,CAD,
marketing production company,260.0,4.19,21.51,10.0,Low,CAD,12.850000000000001
marketing video maker online,90.0,9.74,44.29,3.0,Low,CAD,27.015
3d animation video company,50.0,,,1.0,Low,CAD,
3d animation architecture,210.0,5.1,13.99,2.0,Low,CAD,9.545
explainer video studio,50.0,10.09,40.0,4.0,Low,CAD,25.045
commercial film production,260.0,5.94,31.87,2.0,Low,CAD,18.905
tvc production house,30.0,,,0.0,Low,CAD,
animated music video company,30.0,3.62,6.86,7.0,Low,CAD,5.24
video ad production cost,30.0,,,18.0,Low,CAD,
corporate event videos,260.0,5.34,21.13,7.0,Low,CAD,13.235
top video editing companies,30.0,4.42,20.96,17.0,Low,CAD,12.690000000000001
affordable video production companies,20.0,,,5.0,Low,CAD,
visual effects companies,210.0,2.1,7.89,6.0,Low,CAD,4.995
video and animation services,20.0,,,14.0,Low,CAD,
3d animation company near me,20.0,13.39,26.85,8.0,Low,CAD,20.12
video production for startups,90.0,,,1.0,Low,CAD,
professional video company,90.0,13.09,55.9,4.0,Low,CAD,34.495
corporate film makers,70.0,,,1.0,Low,CAD,
music video production services,110.0,,,1.0,Low,CAD,
full service video production company,320.0,4.19,14.8,5.0,Low,CAD,9.495000000000001
3d product animation agency,70.0,15.17,70.49,4.0,Low,CAD,42.83
video marketing for brands,50.0,6.73,20.5,9.0,Low,CAD,13.615
best company explainer videos,140.0,6.34,41.03,8.0,Low,CAD,23.685000000000002
video content production company,170.0,8.41,32.84,1.0,Low,CAD,20.625
best 3d animation studios,30.0,3.77,8.26,20.0,Low,CAD,6.015
wooshii video agency,10.0,,,14.0,Low,CAD,
medical video production companies,50.0,,,2.0,Low,CAD,
product animation company,90.0,,,2.0,Low,CAD,
promotional video agency,50.0,,,4.0,Low,CAD,
animated video maker company,10.0,,,0.0,Low,CAD,
digital agency video,10.0,,,13.0,Low,CAD,
corporate video production services,880.0,11.86,35.59,1.0,Low,CAD,23.725
film and video production company,140.0,4.33,24.06,4.0,Low,CAD,14.195
video advertising display,70.0,8.68,34.43,22.0,Low,CAD,21.555
explainer video production agency,50.0,,,3.0,Low,CAD,
motion graphics video company,260.0,5.37,65.96,1.0,Low,CAD,35.665
promotional video making service,10.0,,,0.0,Low,CAD,
sponsored brands video amazon,10.0,,,14.0,Low,CAD,
professional video production company,480.0,6.62,55.9,2.0,Low,CAD,31.259999999999998
corporate motion graphics,40.0,4.43,22.36,22.0,Low,CAD,13.395
corporate film production companies,140.0,2.91,17.25,2.0,Low,CAD,10.08
2d video animation services,70.0,11.89,45.28,3.0,Low,CAD,28.585
advertise on amazon prime,90.0,6.57,60.25,59.0,Medium,CAD,33.41
brand promotion video,30.0,9.3,32.7,5.0,Low,CAD,21.0
video production for brands,720.0,7.01,36.07,2.0,Low,CAD,21.54
educational video companies,110.0,4.61,45.68,5.0,Low,CAD,25.145
3d character animation studio,30.0,,,0.0,Low,CAD,
corporate video studio,50.0,,,4.0,Low,CAD,
amazon sponsored brands video,30.0,6.99,9.78,8.0,Low,CAD,8.385
best video production company websites,90.0,2.27,11.49,21.0,Low,CAD,6.88
3d animation and vfx,70.0,3.82,11.91,17.0,Low,CAD,7.865
video shooting company,50.0,,,1.0,Low,CAD,
marketing for video production company,320.0,7.94,37.48,4.0,Low,CAD,22.709999999999997
animated brand video,70.0,10.4,26.12,4.0,Low,CAD,18.26
best video marketing companies,30.0,,,0.0,Low,CAD,
small 3d animation studios,10.0,3.26,10.16,44.0,Medium,CAD,6.71
commercial production agency,210.0,6.35,24.4,4.0,Low,CAD,15.375
best video production companies in the world,20.0,,,13.0,Low,CAD,
boutique video production company,20.0,4.02,8.55,30.0,Low,CAD,6.285
brand with video,10.0,,,0.0,Low,CAD,
brand promo video,30.0,4.96,19.19,19.0,Low,CAD,12.075000000000001
sales video production,70.0,4.17,19.55,4.0,Low,CAD,11.86
amazon sponsored brand video ads,20.0,6.99,16.71,20.0,Low,CAD,11.850000000000001
crunchyroll funimation bundle,10.0,,,2.0,Low,CAD,
the explainer company,10.0,,,,Unknown,CAD,
video production vendors,10.0,,,17.0,Low,CAD,
3d video animation company,30.0,24.96,56.04,23.0,Low,CAD,40.5
2d and 3d animation services,110.0,7.14,29.65,3.0,Low,CAD,18.395
top video production companies in the world,10.0,3.72,13.98,20.0,Low,CAD,8.85
shoppable video companies,10.0,11.52,46.37,28.0,Low,CAD,28.945
real estate video production company,90.0,,,4.0,Low,CAD,
3d logo animation services,40.0,,,7.0,Low,CAD,
business video production services,260.0,3.53,55.9,1.0,Low,CAD,29.715
3d animation outsourcing company,50.0,6.34,31.14,5.0,Low,CAD,18.740000000000002
3d logo animation after effects,30.0,1.85,7.8,13.0,Low,CAD,4.825
starting a videography business,70.0,2.23,16.92,21.0,Low,CAD,9.575000000000001
award winning corporate videos,30.0,,,3.0,Low,CAD,
3d animation outsourcing,110.0,4.7,19.89,3.0,Low,CAD,12.295
top 3d animation companies,40.0,3.39,15.09,12.0,Low,CAD,9.24
video agency website,30.0,,,15.0,Low,CAD,
video design agency,30.0,,,2.0,Low,CAD,
3d cgi agency,10.0,,,11.0,Low,CAD,
video promotion company,30.0,4.26,20.63,8.0,Low,CAD,12.445
crunchyroll timetable,50.0,,,1.0,Low,CAD,
photography and videography company,70.0,1.86,12.93,3.0,Low,CAD,7.395
best video companies,50.0,3.27,13.98,10.0,Low,CAD,8.625
3d rendering walkthrough,50.0,4.74,24.25,4.0,Low,CAD,14.495000000000001
television commercial production companies,1000.0,8.81,46.9,6.0,Low,CAD,27.855
videography services list,40.0,2.15,3.77,8.0,Low,CAD,2.96
television commercial production,880.0,6.63,36.04,1.0,Low,CAD,21.335
digital marketing video production,70.0,,,0.0,Low,CAD,
youtube video makers near me,10.0,3.04,19.04,23.0,Low,CAD,11.04
local video producers,10.0,4.25,22.12,76.0,High,CAD,13.185
digital marketing animation,20.0,3.02,9.08,10.0,Low,CAD,6.05
non profit production company,30.0,4.01,17.25,11.0,Low,CAD,10.629999999999999
filming production companies,6600.0,2.33,8.55,14.0,Low,CAD,5.44
infomercial video production,10.0,,,0.0,Low,CAD,
3d video explainer,140.0,4.53,34.0,19.0,Low,CAD,19.265
best business videos,20.0,3.17,10.4,12.0,Low,CAD,6.785
social media video production agency,70.0,7.87,26.26,6.0,Low,CAD,17.065
vfx outsourcing,20.0,2.01,13.37,11.0,Low,CAD,7.6899999999999995
creative video production company,110.0,3.27,13.01,2.0,Low,CAD,8.14
creative corporate videos,20.0,,,1.0,Low,CAD,
global video production,70.0,,,2.0,Low,CAD,
interactive video agency,10.0,,,14.0,Low,CAD,
top media production companies,20.0,3.79,9.46,24.0,Low,CAD,6.625
explainer video firm,10.0,,,0.0,Low,CAD,
columbus video production,70.0,,,4.0,Low,CAD,
corporate marketing videos,110.0,4.93,14.21,3.0,Low,CAD,9.57
vivid video company,10.0,,,1.0,Low,CAD,
3d animation house design,10.0,2.51,5.67,29.0,Low,CAD,4.09
3d animation video production company,70.0,,,0.0,Low,CAD,
360 video company,40.0,1.21,7.97,2.0,Low,CAD,4.59
online video production service,30.0,,,1.0,Low,CAD,
video production industry,260.0,3.87,16.77,3.0,Low,CAD,10.32
broadcasting and media production company,50.0,2.78,9.29,10.0,Low,CAD,6.034999999999999
vfx agency,30.0,1.88,4.22,32.0,Low,CAD,3.05
the video company,50.0,1.74,12.93,7.0,Low,CAD,7.335
visual production company,50.0,,,2.0,Low,CAD,
video design company,30.0,6.27,39.21,15.0,Low,CAD,22.740000000000002
real video production co,70.0,0.63,6.57,10.0,Low,CAD,3.6
animated marketing video production,70.0,,,1.0,Low,CAD,
commercial video production services,260.0,,,0.0,Low,CAD,
mega fan member crunchyroll,70.0,,,1.0,Low,CAD,
multimedia video production,110.0,,,1.0,Low,CAD,
healthcare video production company,70.0,,,5.0,Low,CAD,
top video production agencies,260.0,4.25,23.72,9.0,Low,CAD,13.985
grabyo producer,10.0,,,4.0,Low,CAD,
grass valley switcher,320.0,1.06,22.81,71.0,High,CAD,11.934999999999999
video film production companies,140.0,4.33,24.06,4.0,Low,CAD,14.195
video film productions ltd,10.0,,,,Unknown,CAD,
company branding video,30.0,7.84,17.57,21.0,Low,CAD,12.705
best marketing video companies,10.0,,,0.0,Low,CAD,
promotional video production company,390.0,9.86,28.98,1.0,Low,CAD,19.42
creative video studio,10.0,,,3.0,Low,CAD,
wedding videography companies,210.0,1.79,5.47,9.0,Low,CAD,3.63
top 10 explainer video companies,10.0,,,0.0,Low,CAD,
top music video production companies,30.0,2.28,4.32,8.0,Low,CAD,3.3
full service video agency,10.0,,,25.0,Low,CAD,
whiteboard animation video company,50.0,,,3.0,Low,CAD,
chicago production studios,110.0,3.17,12.2,35.0,Medium,CAD,7.685
advertising videography,1900.0,4.5,20.78,20.0,Low,CAD,12.64
professional video making company,10.0,,,19.0,Low,CAD,
video production studio design,20.0,,,6.0,Low,CAD,
360 video production company,50.0,,,1.0,Low,CAD,
tv commercial production cost,110.0,4.03,34.85,7.0,Low,CAD,19.44
video media companies near me,10.0,,,100.0,High,CAD,
companies that need video production,10.0,,,29.0,Low,CAD,
media and production company,880.0,3.07,12.07,7.0,Low,CAD,7.57
creative video production agency,140.0,3.65,35.84,3.0,Low,CAD,19.745
smart video,590.0,1.47,11.28,1.0,Low,CAD,6.375
explainer video animation services,210.0,12.84,45.92,4.0,Low,CAD,29.380000000000003
best corporate video production companies,70.0,,,0.0,Low,CAD,
360 production company,40.0,1.89,4.88,2.0,Low,CAD,3.385
post production editing,480.0,1.48,9.79,3.0,Low,CAD,5.635
top video advertising companies,10.0,,,43.0,Medium,CAD,
dneg animation studio,40.0,,,0.0,Low,CAD,
90 seconds video production,20.0,,,8.0,Low,CAD,
promo marketing video maker,10.0,,,67.0,High,CAD,
sponsored brand video ads,10.0,8.44,63.8,46.0,Medium,CAD,36.12
3d architectural visualization companies,260.0,5.49,21.54,3.0,Low,CAD,13.515
b2b video marketing agency,40.0,,,3.0,Low,CAD,
special effects companies,210.0,2.07,5.69,8.0,Low,CAD,3.88
corporate video filming,30.0,4.6,17.46,8.0,Low,CAD,11.030000000000001
social video production company,390.0,5.41,19.19,7.0,Low,CAD,12.3
cost of 3d animation per minute,70.0,2.3,10.05,13.0,Low,CAD,6.175000000000001
video production studio for rent,10.0,,,29.0,Low,CAD,
visual effects studios,1600.0,1.91,5.59,5.0,Low,CAD,3.75
sports video companies,10.0,,,33.0,Medium,CAD,
oklahoma video production,10.0,,,32.0,Low,CAD,
broadcasting & media production company,50.0,2.78,9.29,10.0,Low,CAD,6.034999999999999
explainer video production service,140.0,11.89,41.93,2.0,Low,CAD,26.91
best brand videos,90.0,1.69,13.28,14.0,Low,CAD,7.484999999999999
vfx companies near me,50.0,1.9,6.03,18.0,Low,CAD,3.965
professional video editing company,30.0,5.17,15.6,5.0,Low,CAD,10.385
advert production,390.0,3.27,15.33,4.0,Low,CAD,9.3
youtube video maker agency,10.0,,,0.0,Low,CAD,
corporate branding video,70.0,6.7,15.92,5.0,Low,CAD,11.31
best video production companies near me,30.0,,,6.0,Low,CAD,
clutch video production,10.0,3.12,17.66,36.0,Medium,CAD,10.39
2d animation fiverr,10.0,0.75,4.04,15.0,Low,CAD,2.395
demo duck pricing,10.0,,,0.0,Low,CAD,
fort worth production companies,30.0,3.62,14.0,38.0,Medium,CAD,8.81
epic videography,880.0,,,0.0,Low,CAD,
computer animation studios,90.0,2.32,15.49,2.0,Low,CAD,8.905
commercial production houses,50.0,9.84,24.66,20.0,Low,CAD,17.25
top video agencies,10.0,,,24.0,Low,CAD,
digital video company,40.0,23.58,33.46,8.0,Low,CAD,28.52
3d architectural walkthrough services,70.0,11.86,25.85,5.0,Low,CAD,18.855
media production company website,10.0,,,0.0,Low,CAD,
digital media video production,20.0,2.84,9.34,11.0,Low,CAD,6.09
social video producer,40.0,5.35,11.4,13.0,Low,CAD,8.375
agency video maker,10.0,,,,Unknown,CAD,
explainer video maker company,10.0,,,0.0,Low,CAD,
marketing agency video production,30.0,,,0.0,Low,CAD,
brand video marketing,50.0,6.73,20.5,9.0,Low,CAD,13.615
video pre roll ads,110.0,5.95,55.9,3.0,Low,CAD,30.925
special effects companies near me,20.0,1.91,17.22,30.0,Low,CAD,9.565
e commerce video production,140.0,9.31,24.48,5.0,Low,CAD,16.895
youtube production studio,10.0,2.38,9.31,25.0,Low,CAD,5.845000000000001
company corporate video,480.0,6.68,34.52,2.0,Low,CAD,20.6
3d animation house,50.0,2.39,13.86,3.0,Low,CAD,8.125
video production services cost,20.0,,,0.0,Low,CAD,
best whiteboard animation videos,10.0,7.5,40.37,12.0,Low,CAD,23.935
3d production studio,20.0,,,5.0,Low,CAD,
one of us vfx,480.0,1.49,5.49,1.0,Low,CAD,3.49
tv advert production company,1000.0,8.81,46.9,6.0,Low,CAD,27.855
award winning production company,10.0,,,5.0,Low,CAD,
top video marketing companies,20.0,,,3.0,Low,CAD,
3d video production companies,170.0,2.97,34.94,3.0,Low,CAD,18.955
explainer animation agency,20.0,,,0.0,Low,CAD,
best video production services,30.0,,,7.0,Low,CAD,
brand video creation,20.0,,,0.0,Low,CAD,
architectural animation services,70.0,,,2.0,Low,CAD,
black magic davinci resolve,1900.0,0.2,7.45,26.0,Low,CAD,3.825
nonprofit video production company,170.0,3.06,12.88,3.0,Low,CAD,7.970000000000001
video production for non profits,10.0,,,2.0,Low,CAD,
framestore vfx,390.0,2.87,13.98,3.0,Low,CAD,8.425
video production agencies near me,1900.0,4.86,21.62,20.0,Low,CAD,13.24
philadelphia film production companies,90.0,2.38,6.51,25.0,Low,CAD,4.445
multi media production company,10.0,2.43,7.84,36.0,Medium,CAD,5.135
animation rendering,320.0,3.68,15.13,7.0,Low,CAD,9.405000000000001
israeli production companies,10.0,,,0.0,Low,CAD,
movie editing companies,110.0,3.3,12.7,21.0,Low,CAD,8.0
technical 3d animation,30.0,,,1.0,Low,CAD,
music video production studio,20.0,1.85,5.1,43.0,Medium,CAD,3.4749999999999996
demo duck vimeo,10.0,,,36.0,Medium,CAD,
long island production companies,50.0,4.08,13.0,23.0,Low,CAD,8.54
animated explainer company,10.0,31.58,54.18,16.0,Low,CAD,42.879999999999995
small vfx studios,10.0,,,29.0,Low,CAD,
biggest commercial production companies,10.0,,,34.0,Medium,CAD,
3d walkthrough price,20.0,1.28,3.4,46.0,Medium,CAD,2.34
video production marketing agency,50.0,10.65,23.66,18.0,Low,CAD,17.155
3d motion graphics designer,30.0,,,5.0,Low,CAD,
3d sparrow animation studio,10.0,2.77,4.19,14.0,Low,CAD,3.4800000000000004
best animated explainer video companies,20.0,,,2.0,Low,CAD,
music video production house,10.0,,,13.0,Low,CAD,
dubbed naruto crunchyroll,50.0,3.75,9.24,8.0,Low,CAD,6.495
seneca 3d animation,40.0,,,6.0,Low,CAD,
phoenix video production company,50.0,3.27,21.45,16.0,Low,CAD,12.36
prime focus vfx,50.0,,,4.0,Low,CAD,
social video production agency,50.0,,,1.0,Low,CAD,
virtual animation studio,10.0,,,36.0,Medium,CAD,
short video company,20.0,,,4.0,Low,CAD,
animated film companies,1900.0,3.82,25.0,16.0,Low,CAD,14.41
top 3d animation studios,40.0,3.39,15.09,12.0,Low,CAD,9.24
3d video for 3d glasses,1000.0,0.42,1.5,5.0,Low,CAD,0.96
the video animation company,10.0,,,10.0,Low,CAD,
cgi animation agency,30.0,,,0.0,Low,CAD,
everlast video productions,10.0,,,5.0,Low,CAD,
3d animation production house,20.0,,,3.0,Low,CAD,
starting a video production business,10.0,,,34.0,Medium,CAD,
video production global,10.0,,,0.0,Low,CAD,
commercial real estate video production,40.0,,,6.0,Low,CAD,
3d cgi studio,10.0,,,52.0,Medium,CAD,
video 3d animation maker,10.0,,,50.0,Medium,CAD,
empire video production,10.0,,,9.0,Low,CAD,
advertising film production,20.0,2.59,24.26,6.0,Low,CAD,13.425
video production for commercials,1300.0,5.47,28.7,3.0,Low,CAD,17.085
video development company,20.0,,,3.0,Low,CAD,
3d medical animation studio,50.0,,,4.0,Low,CAD,
commercial production services,70.0,11.21,24.6,3.0,Low,CAD,17.905
commercial video production cost,70.0,,,1.0,Low,CAD,
3d animation medical education,10.0,,,10.0,Low,CAD,
interior design animation,30.0,,,2.0,Low,CAD,
corporate event video production,140.0,5.89,10.87,1.0,Low,CAD,8.379999999999999
real estate production company,10.0,,,5.0,Low,CAD,
starting a media production company,20.0,,,11.0,Low,CAD,
international video production,30.0,,,2.0,Low,CAD,
brand advertising video,10.0,3.4,21.07,14.0,Low,CAD,12.235
top video companies,10.0,10.62,37.45,49.0,Medium,CAD,24.035
sparkhouse video production,20.0,7.23,26.27,23.0,Low,CAD,16.75
video production podcast,140.0,3.0,13.78,13.0,Low,CAD,8.39
video film company,8100.0,5.34,21.51,7.0,Low,CAD,13.425
top production company,20.0,,,8.0,Low,CAD,
commercial video producer,1300.0,5.47,28.7,3.0,Low,CAD,17.085
creative video company,50.0,,,1.0,Low,CAD,
animation studio 3d,20.0,2.61,15.09,12.0,Low,CAD,8.85
live video production company,50.0,,,1.0,Low,CAD,
award winning video production,40.0,,,1.0,Low,CAD,
phoenix film production company,10.0,,,36.0,Medium,CAD,
pro video production,480.0,6.62,55.9,2.0,Low,CAD,31.259999999999998
music video production company near me,20.0,3.05,11.5,11.0,Low,CAD,7.275
3d animation studios list,20.0,,,4.0,Low,CAD,
small business video production company,20.0,,,0.0,Low,CAD,
video editing studios near me,20.0,,,14.0,Low,CAD,
2d 3d animation studio,10.0,,,0.0,Low,CAD,
3d animation architecture design,10.0,,,0.0,Low,CAD,
video graphics company,10.0,,,4.0,Low,CAD,
medical animation services,90.0,11.13,32.23,3.0,Low,CAD,21.68
corporate explainer video production,170.0,4.86,26.71,6.0,Low,CAD,15.785
marketing video production services,210.0,6.29,31.95,1.0,Low,CAD,19.12
video production company prices,40.0,2.31,10.24,13.0,Low,CAD,6.275
the 360 video company,10.0,,,3.0,Low,CAD,
youtube production team,10.0,,,14.0,Low,CAD,
3d rendering and animation,210.0,3.29,14.8,8.0,Low,CAD,9.045
photography production house,10.0,,,29.0,Low,CAD,
vfx animation studio,20.0,4.89,13.53,22.0,Low,CAD,9.209999999999999
3d animation price per minute,70.0,2.3,10.05,13.0,Low,CAD,6.175000000000001
top 10 video production companies,10.0,1.62,4.28,57.0,Medium,CAD,2.95
web video producer,70.0,4.32,10.93,8.0,Low,CAD,7.625
photography and video company,70.0,1.86,12.93,3.0,Low,CAD,7.395
corporate marketing video production,40.0,9.56,61.37,6.0,Low,CAD,35.464999999999996
vfx house,110.0,1.69,3.95,6.0,Low,CAD,2.8200000000000003
video post production companies,70.0,,,1.0,Low,CAD,
amazon sponsored brands video ads,10.0,,,6.0,Low,CAD,
architectural animation company,40.0,,,0.0,Low,CAD,
corporate video production prices,260.0,4.45,18.24,3.0,Low,CAD,11.344999999999999
video corporate production,2900.0,6.51,32.18,5.0,Low,CAD,19.345
character animation studios,50.0,4.06,19.01,6.0,Low,CAD,11.535
whiteboard video production company,20.0,,,0.0,Low,CAD,
viral video companies,40.0,3.28,9.65,8.0,Low,CAD,6.465
vfx production company,20.0,3.13,7.32,15.0,Low,CAD,5.225
corporate training video production company,20.0,,,7.0,Low,CAD,
wedding video production company,50.0,,,1.0,Low,CAD,
international video company,10.0,,,,Unknown,CAD,
companies looking for video production,10.0,,,12.0,Low,CAD,
cgi product animation,50.0,2.22,14.28,7.0,Low,CAD,8.25
online video production company,50.0,,,2.0,Low,CAD,
saas explainer video production,20.0,9.29,19.97,12.0,Low,CAD,14.629999999999999
ad agency video,880.0,7.78,35.31,4.0,Low,CAD,21.545
tv commercial video production,1300.0,5.47,28.7,3.0,Low,CAD,17.085
creative explainer videos,20.0,,,1.0,Low,CAD,
special effects studios,90.0,3.57,6.2,3.0,Low,CAD,4.885
creative video content,10.0,14.45,20.96,13.0,Low,CAD,17.705
music video marketing companies,10.0,,,0.0,Low,CAD,
3d animation real estate,10.0,,,9.0,Low,CAD,
commercial production studio,70.0,4.26,15.09,2.0,Low,CAD,9.675
multimedia production studio,320.0,2.73,5.88,7.0,Low,CAD,4.305
video distributors,480.0,3.28,20.35,10.0,Low,CAD,11.815000000000001
ad films production house,10.0,,,19.0,Low,CAD,
maya animation studio,10.0,,,5.0,Low,CAD,
best vfx companies,50.0,,,6.0,Low,CAD,
viral video production company,10.0,,,2.0,Low,CAD,
crunchyroll bought funimation,90.0,,,0.0,Low,CAD,
digital marketing explainer video,30.0,,,3.0,Low,CAD,
dc film production companies,170.0,2.17,6.97,4.0,Low,CAD,4.57
film and television production companies,6600.0,2.33,8.55,14.0,Low,CAD,5.44
crunchyroll simulcasts,2400.0,,,0.0,Low,CAD,
full video production services,260.0,3.76,21.38,2.0,Low,CAD,12.57
animation in web design,170.0,2.42,11.54,13.0,Low,CAD,6.9799999999999995
motion graphics corporate video,10.0,,,33.0,Medium,CAD,
in house video production team,10.0,,,,Unknown,CAD,
3d product animation companies,140.0,,,1.0,Low,CAD,
social media video production cost,50.0,,,2.0,Low,CAD,
motion design ux,90.0,3.33,9.94,11.0,Low,CAD,6.635
video production in digital marketing,40.0,,,1.0,Low,CAD,
training video producers,880.0,4.75,27.91,5.0,Low,CAD,16.33
starting a freelance videography business,10.0,,,5.0,Low,CAD,
kmc video productions,10.0,,,0.0,Low,CAD,
best music video production companies,30.0,2.3,14.3,6.0,Low,CAD,8.3
explainer video production house,140.0,16.99,41.93,3.0,Low,CAD,29.46
motion graphics commercial,90.0,2.46,15.79,21.0,Low,CAD,9.125
corporate video training,20.0,23.76,59.45,15.0,Low,CAD,41.605000000000004
motion graphics video production,260.0,5.37,65.96,1.0,Low,CAD,35.665
360 video agency,30.0,,,0.0,Low,CAD,
cg blender,50.0,,,0.0,Low,CAD,
ad film making companies,10.0,,,0.0,Low,CAD,
motion graphics production company,90.0,,,1.0,Low,CAD,
kc video company,10.0,7.04,41.87,50.0,Medium,CAD,24.455
character animation video maker,10.0,2.33,7.91,51.0,Medium,CAD,5.12
3d walkthrough rendering,50.0,4.74,24.25,4.0,Low,CAD,14.495000000000001
3d animation service providers,20.0,,,0.0,Low,CAD,
3d motion graphics service,170.0,,,1.0,Low,CAD,
animated explainer video production company,170.0,20.96,55.44,3.0,Low,CAD,38.2
la commercial production companies,320.0,5.06,17.96,24.0,Low,CAD,11.51
2d & 3d animation combined,10.0,,,0.0,Low,CAD,
2d & 3d animation services,30.0,,,0.0,Low,CAD,
2d 3d animation services,110.0,7.14,29.65,3.0,Low,CAD,18.395
2d and 3d animation company,40.0,,,0.0,Low,CAD,
2d and 3d video animation services,20.0,9.24,29.65,19.0,Low,CAD,19.445
2d animation cost per second,20.0,4.63,29.53,11.0,Low,CAD,17.080000000000002
2d animation explainer video company,40.0,,,2.0,Low,CAD,
2d animation video companies,50.0,6.99,20.92,3.0,Low,CAD,13.955000000000002
2d flash animation,70.0,,,1.0,Low,CAD,
2d in 3d animation,590.0,2.66,12.91,4.0,Low,CAD,7.785
360 production house,40.0,,,6.0,Low,CAD,
3d animation commercial,50.0,5.16,25.04,10.0,Low,CAD,15.1
3d animation design agency,20.0,,,0.0,Low,CAD,
3d animation design company,10.0,,,0.0,Low,CAD,
3d animation design studio,20.0,,,0.0,Low,CAD,
3d animation home design,10.0,,,43.0,Medium,CAD,
3d animation industrial3d,10.0,,,,Unknown,CAD,
3d animation logo design,10.0,,,34.0,Medium,CAD,
3d animation marketing,10.0,2.66,7.87,27.0,Low,CAD,5.265000000000001
3d animation of building,30.0,2.4,8.73,11.0,Low,CAD,5.565
3d animation of house,50.0,2.39,13.86,3.0,Low,CAD,8.125
3d animation per second cost,10.0,,,71.0,High,CAD,
3d animation vk,10.0,,,,Unknown,CAD,
3d animation walkthrough services,140.0,,,0.0,Low,CAD,
3d animation web design,10.0,3.84,9.22,17.0,Low,CAD,6.53
3d anime studio,1600.0,3.38,25.46,12.0,Low,CAD,14.42
3d anime video maker,140.0,1.61,4.79,51.0,Medium,CAD,3.2
3d architectural animation company,10.0,,,11.0,Low,CAD,
3d architectural animation services,140.0,5.94,17.54,3.0,Low,CAD,11.74
3d architectural animation studio,10.0,,,0.0,Low,CAD,
3d architectural visualization walkthrough,70.0,,,0.0,Low,CAD,
3d architectural walkthrough company,20.0,,,0.0,Low,CAD,
3d cgi animation company,10.0,,,0.0,Low,CAD,
3d cgi architectural visualisation,20.0,,,0.0,Low,CAD,
3d cgi company,10.0,,,3.0,Low,CAD,
3d character animation services,70.0,,,1.0,Low,CAD,
3d corporate animation,20.0,,,7.0,Low,CAD,
3d flash animation,30.0,,,2.0,Low,CAD,
3d interior walkthrough,40.0,2.71,12.68,8.0,Low,CAD,7.695
3d medical animation agency,30.0,,,1.0,Low,CAD,
3d medical animation services,30.0,14.58,44.52,4.0,Low,CAD,29.55
3d medical video,20.0,4.19,16.29,32.0,Low,CAD,10.24
3d motion graphics animation,30.0,4.35,10.37,9.0,Low,CAD,7.359999999999999
3d production house,10.0,,,0.0,Low,CAD,
3d rendering and animation services,70.0,17.85,38.2,4.0,Low,CAD,28.025000000000002
3d rendering services 3d animation services,20.0,,,,Unknown,CAD,
3d walkthrough animation company,20.0,,,0.0,Low,CAD,
3d walkthrough animation service,140.0,,,0.0,Low,CAD,
3d walkthrough architectural,70.0,4.02,6.42,3.0,Low,CAD,5.22
4d vfx studio,10.0,,,,Unknown,CAD,
90 seconds production,10.0,,,24.0,Low,CAD,
a&a video productions,20.0,2.08,4.91,12.0,Low,CAD,3.495
ab vfx studio,10.0,,,,Unknown,CAD,
ad agency video production,170.0,,,0.0,Low,CAD,
ad film companies,10.0,,,5.0,Low,CAD,
ad film production companies,20.0,,,0.0,Low,CAD,
ad film production services,10.0,,,0.0,Low,CAD,
ad for youtube canva,880.0,,,0.0,Low,CAD,
ad video production company,90.0,,,0.0,Low,CAD,
adobe premiere pro commercial,10.0,,,10.0,Low,CAD,
ads post production,10.0,2.1,5.09,16.0,Low,CAD,3.5949999999999998
advertising agency video production,170.0,,,0.0,Low,CAD,
advertising film production company,20.0,,,0.0,Low,CAD,
advertising video production company,260.0,,,0.0,Low,CAD,
advitha vfx,10.0,,,0.0,Low,CAD,
advitha vfx company,10.0,,,,Unknown,CAD,
affordable video marketing services,10.0,,,4.0,Low,CAD,
affordable video production services,70.0,,,0.0,Low,CAD,
after studio vfx,10.0,,,0.0,Low,CAD,
after vfx studio,10.0,,,,Unknown,CAD,
aia video productions,10.0,,,0.0,Low,CAD,
airbnb brand video,10.0,,,0.0,Low,CAD,
all video company,50.0,,,0.0,Low,CAD,
alpha video productions,10.0,,,36.0,Medium,CAD,
alternate video production,10.0,,,0.0,Low,CAD,
amazon movie production,110.0,0.18,5.21,2.0,Low,CAD,2.695
amazon prime production,320.0,0.2,0.24,10.0,Low,CAD,0.22
amazon prime production company,10.0,,,0.0,Low,CAD,
ambulance vfx,10.0,,,,Unknown,CAD,
american vfx studios,10.0,,,0.0,Low,CAD,
american video productions,90.0,,,11.0,Low,CAD,
anibrain animation studio,10.0,,,,Unknown,CAD,
anibrain studio,10.0,,,4.0,Low,CAD,
anibrain vfx,20.0,,,5.0,Low,CAD,
anibrain vfx studio,10.0,,,,Unknown,CAD,
animal logic vfx,20.0,,,0.0,Low,CAD,
animated corporate video companies,20.0,,,0.0,Low,CAD,
animated corporate video production,110.0,16.04,30.98,1.0,Low,CAD,23.509999999999998
animated explainer video studio,20.0,,,6.0,Low,CAD,
animated music video production company,50.0,,,1.0,Low,CAD,
animated social media video production,10.0,,,1.0,Low,CAD,
animated tv commercial production,20.0,,,0.0,Low,CAD,
animated video production agency,90.0,,,1.0,Low,CAD,
animated video production for websites,30.0,,,0.0,Low,CAD,
animation 3d architecture,210.0,5.1,13.99,2.0,Low,CAD,9.545
animation house design,20.0,,,11.0,Low,CAD,
animation vfx studio,10.0,,,100.0,High,CAD,
animation video maker 3d,10.0,,,,Unknown,CAD,
animation video maker of cartoon in 3d,10.0,,,,Unknown,CAD,
animism vfx,10.0,,,0.0,Low,CAD,
annapurna studios vfx,10.0,,,,Unknown,CAD,
anthem video production,10.0,,,14.0,Low,CAD,
apple explainer video,10.0,,,0.0,Low,CAD,
architectural 3d animation companies,20.0,,,1.0,Low,CAD,
architectural 3d animation services,40.0,,,1.0,Low,CAD,
architectural 3d rendering company,50.0,,,1.0,Low,CAD,
architectural 3d visualization company,260.0,5.49,21.54,3.0,Low,CAD,13.515
architectural 3d walkthrough animation,10.0,,,0.0,Low,CAD,
architectural 3d walkthrough service,10.0,,,0.0,Low,CAD,
architectural animation cost,10.0,,,,Unknown,CAD,
architectural animation studio,50.0,,,0.0,Low,CAD,
architectural animation walkthrough,10.0,,,21.0,Low,CAD,
architectural walkthrough companies,10.0,,,0.0,Low,CAD,
artmonks film production house,10.0,,,,Unknown,CAD,
assemblage vfx,10.0,,,4.0,Low,CAD,
asymmetric vfx studio,20.0,,,0.0,Low,CAD,
atomic fiction vfx,10.0,,,0.0,Low,CAD,
audio video production services,20.0,,,0.0,Low,CAD,
audiovisual production agency,10.0,,,0.0,Low,CAD,
australian visual effects companies,10.0,,,0.0,Low,CAD,
autocad 3d animation,10.0,,,0.0,Low,CAD,
automated video ads,50.0,5.67,11.24,3.0,Low,CAD,8.455
av production house,10.0,,,,Unknown,CAD,
avatar 2 vfx studio,10.0,,,0.0,Low,CAD,
avatar vfx studio,10.0,,,2.0,Low,CAD,
avengers vfx company,10.0,,,0.0,Low,CAD,
average cost of commercial video production,10.0,,,20.0,Low,CAD,
award winning video production company,30.0,,,2.0,Low,CAD,
axiom vfx,10.0,,,0.0,Low,CAD,
axis video hd,0.0,,,,Unknown,CAD,
az video production company,10.0,,,0.0,Low,CAD,
b productions videos,10.0,,,,Unknown,CAD,
bahubali vfx company,10.0,,,0.0,Low,CAD,
bahubali vfx studio,10.0,,,,Unknown,CAD,
best 3d animation companies,30.0,3.77,8.26,20.0,Low,CAD,6.015
best 3d animation studios in the world,10.0,1.44,3.58,50.0,Medium,CAD,2.51
best 3d animation video,10.0,,,0.0,Low,CAD,
best 3d architectural visualization companies,20.0,,,0.0,Low,CAD,
best architectural animation,10.0,,,,Unknown,CAD,
best brand launch videos,10.0,,,13.0,Low,CAD,
best brand videos 2021,10.0,,,,Unknown,CAD,
best corporate film,20.0,,,1.0,Low,CAD,
best corporate promotional videos,10.0,,,0.0,Low,CAD,
best corporate video production,10.0,,,0.0,Low,CAD,
best creative agency videos,20.0,,,0.0,Low,CAD,
best explainer video production companies,30.0,18.07,41.63,6.0,Low,CAD,29.85
best live action explainer videos,10.0,2.52,15.36,30.0,Low,CAD,8.94
best marketing video production company,40.0,,,3.0,Low,CAD,
best media production companies,20.0,,,6.0,Low,CAD,
best music video production,10.0,,,7.0,Low,CAD,
best special effects companies,10.0,,,0.0,Low,CAD,
best tv commercial production companies,30.0,,,1.0,Low,CAD,
best vfx companies in the world,20.0,,,5.0,Low,CAD,
best vfx company in bollywood,10.0,,,0.0,Low,CAD,
best vfx company in world,20.0,,,5.0,Low,CAD,
best vfx houses,10.0,,,6.0,Low,CAD,
best vfx studio,30.0,,,4.0,Low,CAD,
best vfx studio in the world,10.0,,,1.0,Low,CAD,
best vfx studios in world,10.0,,,1.0,Low,CAD,
best video animation services,10.0,,,0.0,Low,CAD,
best viral marketing videos,20.0,3.03,15.08,11.0,Low,CAD,9.055
best visual effects companies,50.0,,,6.0,Low,CAD,
best visual effects companies in the world,10.0,,,29.0,Low,CAD,
best visual effects studios,30.0,,,4.0,Low,CAD,
big shoulders video production,260.0,3.58,7.52,12.0,Low,CAD,5.55
big vfx companies,30.0,,,2.0,Low,CAD,
biggest media production companies,10.0,,,0.0,Low,CAD,
biggest vfx companies in the world,30.0,,,0.0,Low,CAD,
biggest vfx studios,20.0,,,2.0,Low,CAD,
biggest vfx studios in the world,10.0,,,0.0,Low,CAD,
biggest visual effects companies,10.0,,,0.0,Low,CAD,
black kite vfx,90.0,5.38,9.74,4.0,Low,CAD,7.5600000000000005
black panther vfx company,10.0,,,,Unknown,CAD,
blender animation studios,40.0,2.66,8.53,11.0,Low,CAD,5.595
bold content video production,110.0,,,1.0,Low,CAD,
bollywood vfx companies,10.0,,,,Unknown,CAD,
boutique vfx studio,10.0,,,14.0,Low,CAD,
boutique video production,10.0,,,13.0,Low,CAD,
boxel vfx,20.0,,,2.0,Low,CAD,
brahmastra animation company,0.0,,,,Unknown,CAD,
brahmastra animation studio,0.0,,,,Unknown,CAD,
brahmastra vfx studio,10.0,,,,Unknown,CAD,
brand awareness video ads,10.0,,,36.0,Medium,CAD,
brand film production,40.0,,,1.0,Low,CAD,
brand manifesto video,20.0,,,8.0,Low,CAD,
brand marketing video production,90.0,,,1.0,Low,CAD,
brand video content,260.0,4.04,31.68,4.0,Low,CAD,17.86
brand video production agency,40.0,,,3.0,Low,CAD,
brand video production company,140.0,16.85,41.93,1.0,Low,CAD,29.39
brand youtube,880.0,2.74,6.82,2.0,Low,CAD,4.78
branded video content agency,110.0,,,0.0,Low,CAD,
briefing video production,10.0,,,,Unknown,CAD,
broadcast video production,50.0,,,3.0,Low,CAD,
broadcast2world pricing,10.0,,,,Unknown,CAD,
broadway video productions,20.0,,,3.0,Low,CAD,
btl vfx studio,10.0,,,,Unknown,CAD,
business promo video company,40.0,,,0.0,Low,CAD,
business video company,50.0,6.76,16.13,4.0,Low,CAD,11.445
business video editing services,10.0,,,0.0,Low,CAD,
business video production companies,20.0,,,0.0,Low,CAD,
butterfly vfx studio,10.0,,,,Unknown,CAD,
canadian commercial production companies,10.0,,,13.0,Low,CAD,
canadian vfx companies,110.0,2.07,7.06,17.0,Low,CAD,4.5649999999999995
candle video,1000.0,0.99,5.6,1.0,Low,CAD,3.295
carolina video productions,10.0,,,0.0,Low,CAD,
cg studios,90.0,,,1.0,Low,CAD,
cgf visual effects studio,10.0,,,0.0,Low,CAD,
cgi 2d,90.0,,,0.0,Low,CAD,
cgi character design,10.0,,,7.0,Low,CAD,
character animation company,30.0,,,7.0,Low,CAD,
character animation services,90.0,5.35,22.6,3.0,Low,CAD,13.975000000000001
cinematic corporate video,20.0,,,1.0,Low,CAD,
cinematic video production company,10.0,,,0.0,Low,CAD,
cinesite animation studio,10.0,,,0.0,Low,CAD,
cinesite ltd,10.0,,,0.0,Low,CAD,
cinesite studio,70.0,,,1.0,Low,CAD,
cinesite vfx,3600.0,,,3.0,Low,CAD,
cinesite vfx limited,20.0,,,2.0,Low,CAD,
cinesite vimeo,10.0,,,0.0,Low,CAD,
cleaning animation,260.0,,,0.0,Low,CAD,
clum creative vimeo,10.0,,,0.0,Low,CAD,
commercial photography production company,10.0,,,,Unknown,CAD,
commercial vfx studios,10.0,2.32,5.69,18.0,Low,CAD,4.005
commercial video companies near me,50.0,3.62,41.93,6.0,Low,CAD,22.775
commercial video content,10.0,,,14.0,Low,CAD,
commercial video production agency,70.0,2.26,77.33,3.0,Low,CAD,39.795
commercial video production digital marketing services,10.0,,,,Unknown,CAD,
commercial video production la,30.0,,,0.0,Low,CAD,
commercial video shoot,20.0,,,4.0,Low,CAD,
commercial video studio,30.0,,,9.0,Low,CAD,
company training video production,170.0,8.08,37.19,4.0,Low,CAD,22.634999999999998
company video company,10.0,,,24.0,Low,CAD,
company video company video,10.0,,,,Unknown,CAD,
computer animation services,10.0,,,37.0,Medium,CAD,
comscore video metrix,10.0,,,0.0,Low,CAD,
concert video production companies,10.0,2.85,10.08,20.0,Low,CAD,6.465
corporate 3d animation,20.0,,,7.0,Low,CAD,
corporate brand films,10.0,,,0.0,Low,CAD,
corporate event video services,40.0,,,0.0,Low,CAD,
corporate film company,50.0,,,1.0,Low,CAD,
corporate film making company,10.0,,,0.0,Low,CAD,
corporate film production house,140.0,2.91,17.25,2.0,Low,CAD,10.08
corporate film production services,70.0,,,0.0,Low,CAD,
corporate film services,40.0,,,0.0,Low,CAD,
corporate film video,10.0,,,0.0,Low,CAD,
corporate marketing video production company,30.0,,,4.0,Low,CAD,
corporate promo video,20.0,4.3,15.3,35.0,Medium,CAD,9.8
corporate promotional video production,390.0,9.86,28.98,1.0,Low,CAD,19.42
corporate video editing companies,10.0,,,0.0,Low,CAD,
corporate video experts,10.0,,,0.0,Low,CAD,
corporate video maker online,10.0,,,0.0,Low,CAD,
corporate video making companies,20.0,,,0.0,Low,CAD,
corporate video marketing company,40.0,,,0.0,Low,CAD,
corporate video packages,30.0,,,13.0,Low,CAD,
corporate video production company and 3d animation makers studio,10.0,,,,Unknown,CAD,
corporate video production company near me,590.0,9.66,56.92,2.0,Low,CAD,33.29
corporate video production for business,70.0,,,1.0,Low,CAD,
corporate video production greater bristol,30.0,,,0.0,Low,CAD,
corporate video production maker company and 2d 3d animation studio,10.0,,,,Unknown,CAD,
corporate video production midlands,10.0,,,,Unknown,CAD,
corporate video production packages,20.0,,,0.0,Low,CAD,
corporate video production studio,30.0,,,11.0,Low,CAD,
corporate video production training,30.0,,,3.0,Low,CAD,
cosmetic advertisement video,10.0,,,0.0,Low,CAD,
crafty apes vfx,320.0,3.42,8.94,4.0,Low,CAD,6.18
crafty apes visual effects,10.0,,,0.0,Low,CAD,
cravefx 2d 3d anim,0.0,,,,Unknown,CAD,
crazy egg explainer video,10.0,,,38.0,Medium,CAD,
creative corporate video production,20.0,,,2.0,Low,CAD,
creative promotional video,10.0,,,3.0,Low,CAD,
creative vfx studio,10.0,,,0.0,Low,CAD,
creative video production services,110.0,,,0.0,Low,CAD,
crunchyroll and funimation merger,70.0,,,1.0,Low,CAD,
crunchyroll closed captioning,70.0,,,0.0,Low,CAD,
crunchyroll mega,50.0,1.73,7.07,35.0,Medium,CAD,4.4
crunchyroll paywall,20.0,,,4.0,Low,CAD,
crunchyroll rss,10.0,,,0.0,Low,CAD,
crunchyroll unblocked,320.0,,,0.0,Low,CAD,
crunchyroll x funimation,110.0,,,1.0,Low,CAD,
custom brand video,10.0,,,0.0,Low,CAD,
daz3d animate,10.0,,,6.0,Low,CAD,
deepfake vfx studio,10.0,,,0.0,Low,CAD,
delivery animation,90.0,,,0.0,Low,CAD,
delta video productions,10.0,,,0.0,Low,CAD,
demo video production company,20.0,,,0.0,Low,CAD,
dexter studios vfx,10.0,,,0.0,Low,CAD,
dexter vfx,10.0,,,0.0,Low,CAD,
digikore vfx,10.0,,,0.0,Low,CAD,
digikore vfx studio,10.0,,,,Unknown,CAD,
digital district vfx,10.0,,,13.0,Low,CAD,
digital domain vfx,50.0,,,0.0,Low,CAD,
digital marketing agency promotional video,40.0,,,0.0,Low,CAD,
digital marketing and video production,20.0,,,1.0,Low,CAD,
digital marketing video production services,90.0,15.62,97.83,3.0,Low,CAD,56.725
digital video brands,10.0,,,,Unknown,CAD,
digital video in multimedia,10.0,,,14.0,Low,CAD,
digital video marketing agency,140.0,4.91,15.29,2.0,Low,CAD,10.1
digital video production and marketing,20.0,,,0.0,Low,CAD,
digital video production companies,10.0,,,14.0,Low,CAD,
digital video production services,20.0,,,6.0,Low,CAD,
dneg company,20.0,,,1.0,Low,CAD,
dneg studio,90.0,,,3.0,Low,CAD,
dneg vfx,210.0,2.51,6.92,2.0,Low,CAD,4.715
dneg vfx company,10.0,,,0.0,Low,CAD,
dneg vimeo,10.0,,,0.0,Low,CAD,
dneg virtual production,10.0,,,14.0,Low,CAD,
dneg visual effects,20.0,,,7.0,Low,CAD,
dneg xstudio,20.0,,,0.0,Low,CAD,
doctor strange vfx company,10.0,,,,Unknown,CAD,
double negative vfx,390.0,,,1.0,Low,CAD,
double negative vfx company,10.0,,,0.0,Low,CAD,
double negative visual effects,390.0,,,1.0,Low,CAD,
dream engine video production,10.0,,,25.0,Low,CAD,
dream works studio,1300.0,,,0.0,Low,CAD,
dreamtek tv,10.0,,,11.0,Low,CAD,
drone video company marketing,20.0,,,0.0,Low,CAD,
dtm vfx studio,10.0,,,,Unknown,CAD,
dune special effects company,10.0,,,0.0,Low,CAD,
dune vfx studio,10.0,,,0.0,Low,CAD,
dvcpro hd,110.0,,,22.0,Low,CAD,
e one production company,20.0,,,0.0,Low,CAD,
easy 3d visualisation,10.0,,,0.0,Low,CAD,
educational production company,10.0,,,5.0,Low,CAD,
educational video production services,110.0,,,0.0,Low,CAD,
ellipse vfx studio,10.0,,,,Unknown,CAD,
epic video productions,10.0,,,17.0,Low,CAD,
escape studios vfx,10.0,,,16.0,Low,CAD,
escape vfx,10.0,,,16.0,Low,CAD,
estate agent video production,10.0,,,0.0,Low,CAD,
event filming company,40.0,2.13,16.81,6.0,Low,CAD,9.469999999999999
event video company,50.0,6.79,32.88,3.0,Low,CAD,19.835
event video production services,210.0,,,0.0,Low,CAD,
exceptional minds vfx,20.0,,,1.0,Low,CAD,
explainer production company,20.0,,,0.0,Low,CAD,
explanatory video companies,10.0,,,0.0,Low,CAD,
fairlife video,50.0,,,0.0,Low,CAD,
famous vfx companies,10.0,,,0.0,Low,CAD,
famous vfx studios,10.0,,,0.0,Low,CAD,
famulus vfx studios,0.0,,,,Unknown,CAD,
fbla digital video production,170.0,,,0.0,Low,CAD,
feather vfx studio,10.0,,,43.0,Medium,CAD,
film company video,10.0,,,,Unknown,CAD,
film studio video,10.0,,,0.0,Low,CAD,
film video company,30.0,,,1.0,Low,CAD,
film video production company,140.0,4.33,24.06,4.0,Low,CAD,14.195
filming corporate videos,30.0,4.6,17.46,8.0,Low,CAD,11.030000000000001
fix studio vfx,10.0,,,0.0,Low,CAD,
focus vfx studio,10.0,,,,Unknown,CAD,
folk studio vfx,10.0,,,,Unknown,CAD,
folks vfx studio,10.0,,,0.0,Low,CAD,
foundry nuke studio,30.0,,,2.0,Low,CAD,
foundry vfx,50.0,,,2.0,Low,CAD,
fractal vfx studio,10.0,,,,Unknown,CAD,
frame x vfx studio,10.0,,,1.0,Low,CAD,
framestore post production,10.0,,,4.0,Low,CAD,
framestore visual effects,390.0,2.87,13.98,3.0,Low,CAD,8.425
fruit videos,480.0,,,0.0,Low,CAD,
full service film production company,30.0,4.33,9.06,3.0,Low,CAD,6.695
full service production agency,320.0,4.19,14.8,5.0,Low,CAD,9.495000000000001
full service production studio,10.0,,,0.0,Low,CAD,
funimation and crunchyroll merge 2021,10.0,,,,Unknown,CAD,
funimation bought crunchyroll,50.0,,,0.0,Low,CAD,
funimation joining crunchyroll,10.0,,,0.0,Low,CAD,
funimation merge with crunchyroll,30.0,,,0.0,Low,CAD,
funimation move to crunchyroll,10.0,,,0.0,Low,CAD,
funimation moving to crunchyroll,10.0,,,0.0,Low,CAD,
funimation x crunchyroll,10.0,,,0.0,Low,CAD,
gener8 vfx studio,10.0,,,,Unknown,CAD,
george lucas vfx company,10.0,,,0.0,Low,CAD,
ghost vfx studio,10.0,,,,Unknown,CAD,
giant video productions,10.0,,,10.0,Low,CAD,
global video production company,20.0,,,50.0,Medium,CAD,
global video production service,50.0,,,0.0,Low,CAD,
goobe video production,10.0,,,0.0,Low,CAD,
got vfx company,10.0,,,14.0,Low,CAD,
great brand videos,90.0,1.69,13.28,14.0,Low,CAD,7.484999999999999
harry potter vfx company,10.0,,,0.0,Low,CAD,
hd video company,10.0,,,86.0,High,CAD,
hero brand video,10.0,,,0.0,Low,CAD,
hexart vfx & animation studios,0.0,,,,Unknown,CAD,
hibino vfx studio,10.0,,,0.0,Low,CAD,
high end video production company,10.0,,,0.0,Low,CAD,
hollywood digital vfx studios,10.0,,,0.0,Low,CAD,
hollywood vfx studios,10.0,,,0.0,Low,CAD,
home video companies,110.0,,,1.0,Low,CAD,
home video production studio,10.0,,,24.0,Low,CAD,
horlicks advertisement video,0.0,,,,Unknown,CAD,
houston production studios,10.0,,,19.0,Low,CAD,
hybride vfx,140.0,,,1.0,Low,CAD,
ih video productions,10.0,,,21.0,Low,CAD,
ilm vfx,480.0,,,0.0,Low,CAD,
ilm vfx company,10.0,,,,Unknown,CAD,
ilm vfx studio,10.0,,,0.0,Low,CAD,
ilm visual effects,480.0,,,0.0,Low,CAD,
imageworks vfx,10.0,,,0.0,Low,CAD,
in motion video productions,10.0,,,5.0,Low,CAD,
inception vfx company,10.0,,,0.0,Low,CAD,
independent video producer,10.0,,,21.0,Low,CAD,
independent video production companies,20.0,,,1.0,Low,CAD,
indigo production house,10.0,,,,Unknown,CAD,
industrial 3d animation company,20.0,,,1.0,Low,CAD,
industrial 3d animation rendering services,10.0,,,0.0,Low,CAD,
industrial 3d animation services,20.0,,,0.0,Low,CAD,
industrial animation services,20.0,,,0.0,Low,CAD,
infomercial video,70.0,9.49,38.77,8.0,Low,CAD,24.130000000000003
ingenuity studios vfx,10.0,,,0.0,Low,CAD,
ingenuity vfx,140.0,,,1.0,Low,CAD,
innovative video productions,10.0,,,1.0,Low,CAD,
inspirational brand videos,10.0,,,0.0,Low,CAD,
instructional video production companies,40.0,,,0.0,Low,CAD,
intelligent creatures vfx,10.0,,,0.0,Low,CAD,
interactive media production company,10.0,,,,Unknown,CAD,
internal communications video production,50.0,,,0.0,Low,CAD,
international video production companies,10.0,,,0.0,Low,CAD,
international video production company,10.0,,,21.0,Low,CAD,
jalf video production,10.0,,,3.0,Low,CAD,
japanese video company,10.0,,,0.0,Low,CAD,
jellyfish pictures animation,90.0,,,0.0,Low,CAD,
jellyfish pictures studio,30.0,,,0.0,Low,CAD,
jellyfish pictures vfx,40.0,,,0.0,Low,CAD,
jpl video productions,10.0,,,5.0,Low,CAD,
jtv video productions,10.0,,,,Unknown,CAD,
just vfx studios,10.0,,,0.0,Low,CAD,
justvfx,10.0,,,0.0,Low,CAD,
justvfx studios,10.0,,,0.0,Low,CAD,
kc video production,30.0,1.17,5.59,9.0,Low,CAD,3.38
kiki's delivery service japanese,201000.0,0.53,10.43,6.0,Low,CAD,5.4799999999999995
kiki's delivery service reddit,260.0,,,0.0,Low,CAD,
kleem vfx studio,10.0,,,,Unknown,CAD,
korean 3d animation studios,10.0,,,,Unknown,CAD,
korean music video production companies,10.0,,,0.0,Low,CAD,
korean vfx companies,10.0,,,0.0,Low,CAD,
la vfx studios,10.0,,,11.0,Low,CAD,
largest vfx companies,10.0,,,3.0,Low,CAD,
largest video production companies,20.0,,,4.0,Low,CAD,
largest visual effects companies,10.0,,,0.0,Low,CAD,
leading vfx companies,10.0,,,0.0,Low,CAD,
legacy vfx,20.0,,,0.0,Low,CAD,
legend 3d vfx,10.0,,,0.0,Low,CAD,
lemonlight media pricing,10.0,,,0.0,Low,CAD,
lemonlight video agency,10.0,,,,Unknown,CAD,
lens studio vfx,10.0,,,12.0,Low,CAD,
life of pi vfx company,10.0,,,0.0,Low,CAD,
life of pi vfx studio,10.0,,,0.0,Low,CAD,
linear editing,320.0,,,0.0,Low,CAD,
lion king mpc,10.0,,,0.0,Low,CAD,
list of media production companies,10.0,,,21.0,Low,CAD,
list of video production companies,20.0,,,6.0,Low,CAD,
list of video production services,10.0,,,24.0,Low,CAD,
live action videos company,10.0,,,0.0,Low,CAD,
live event video production companies,50.0,,,3.0,Low,CAD,
local brand video,10.0,,,,Unknown,CAD,
local video company,590.0,4.53,17.33,10.0,Low,CAD,10.93
local video marketing agency,20.0,,,0.0,Low,CAD,
lord of the rings vfx company,10.0,,,0.0,Low,CAD,
lorven vfx,10.0,,,,Unknown,CAD,
lorven vfx studios,10.0,,,,Unknown,CAD,
lux video production company,10.0,,,,Unknown,CAD,
magic productions video,10.0,,,0.0,Low,CAD,
magnifi videoverse,10.0,,,7.0,Low,CAD,
majestic video productions,10.0,,,57.0,Medium,CAD,
makuta studios,10.0,,,,Unknown,CAD,
makuta vfx company,70.0,,,0.0,Low,CAD,
makuta vfx studio,10.0,,,,Unknown,CAD,
marketing video production team,50.0,,,0.0,Low,CAD,
marketing your video production company,10.0,,,0.0,Low,CAD,
marvel special effects,10.0,,,0.0,Low,CAD,
marvel studios vfx,10.0,,,0.0,Low,CAD,
marvel vfx,70.0,,,0.0,Low,CAD,
marvel vfx companies,10.0,,,0.0,Low,CAD,
marvel vfx studio,10.0,,,2.0,Low,CAD,
marvel vfx studios,10.0,,,,Unknown,CAD,
marz vfx studio,10.0,,,,Unknown,CAD,
media content production company,10.0,,,,Unknown,CAD,
media production company services,10.0,,,0.0,Low,CAD,
medical 3d animation company,40.0,6.44,20.96,6.0,Low,CAD,13.700000000000001
medical video production services,30.0,,,0.0,Low,CAD,
meta vfx,10.0,,,20.0,Low,CAD,
method studios vfx,210.0,,,1.0,Low,CAD,
miami production studios,110.0,3.77,13.12,30.0,Low,CAD,8.445
mid roll video ads,10.0,,,14.0,Low,CAD,
midlands video production company,10.0,,,,Unknown,CAD,
mikros vfx,10.0,,,0.0,Low,CAD,
mixamo founded,10.0,,,,Unknown,CAD,
moon knight vfx studio,0.0,,,,Unknown,CAD,
motion graphics 2d and 3d animation,10.0,,,0.0,Low,CAD,
motion graphics production agency,90.0,,,1.0,Low,CAD,
motion graphics video agency,50.0,,,1.0,Low,CAD,
motion source video production,10.0,,,14.0,Low,CAD,
movie special effects companies,20.0,,,6.0,Low,CAD,
moving picture company mpc,210.0,2.28,13.25,9.0,Low,CAD,7.765
mpc animation company,10.0,,,48.0,Medium,CAD,
mpc animation studio,10.0,,,2.0,Low,CAD,
mpc film and episodic,10.0,,,0.0,Low,CAD,
mpc films,320.0,,,0.0,Low,CAD,
mpc lion king,10.0,,,0.0,Low,CAD,
mpc moving picture company,210.0,2.28,13.25,9.0,Low,CAD,7.765
mpc showreel,10.0,,,0.0,Low,CAD,
mpc special effects,10.0,,,2.0,Low,CAD,
mpc studio vfx,10.0,,,0.0,Low,CAD,
mpc vfx company,10.0,,,0.0,Low,CAD,
mpc vfx studio,20.0,,,2.0,Low,CAD,
mpc visual effects,880.0,2.17,7.75,1.0,Low,CAD,4.96
mpc visual effects company,10.0,,,0.0,Low,CAD,
mr x mpc,10.0,,,,Unknown,CAD,
mr x vfx company,10.0,,,5.0,Low,CAD,
mr x vfx studio,10.0,,,5.0,Low,CAD,
multimedia production house,40.0,3.68,14.88,14.0,Low,CAD,9.280000000000001
multivision digital productions,20.0,6.17,16.97,29.0,Low,CAD,11.57
music video production agency,10.0,,,19.0,Low,CAD,
my neighbor totoro amazon prime,140.0,,,3.0,Low,CAD,
myriad video production,10.0,,,0.0,Low,CAD,
namaha vfx studios,10.0,,,,Unknown,CAD,
netflix vfx studio,10.0,,,0.0,Low,CAD,
new video company,10.0,,,12.0,Low,CAD,
new video production company,40.0,,,0.0,Low,CAD,
newcastle video company,10.0,1.73,4.43,16.0,Low,CAD,3.08
no 1 vfx company in world,10.0,,,0.0,Low,CAD,
nomad vfx,20.0,,,0.0,Low,CAD,
non profit film companies,20.0,2.1,13.67,16.0,Low,CAD,7.885
ntc video production,10.0,,,4.0,Low,CAD,
ny vfx studio,10.0,,,,Unknown,CAD,
occult vfx studio,10.0,,,,Unknown,CAD,
oklahoma production company,10.0,,,0.0,Low,CAD,
omega vfx studios,10.0,,,,Unknown,CAD,
one of us vfx studio,10.0,,,7.0,Low,CAD,
one of us visual effects,480.0,1.49,5.49,1.0,Low,CAD,3.49
online video marketing agency,50.0,,,0.0,Low,CAD,
online video production studio,20.0,,,0.0,Low,CAD,
openslate vfx,10.0,,,0.0,Low,CAD,
opsis vfx,50.0,,,0.0,Low,CAD,
orange video production,10.0,,,0.0,Low,CAD,
orlando film production companies,70.0,3.74,18.41,20.0,Low,CAD,11.075
outdoor film production companies,10.0,,,0.0,Low,CAD,
outdoor video production companies,20.0,,,5.0,Low,CAD,
outsourcing cartoon,50.0,8.19,25.97,4.0,Low,CAD,17.08
own brand video,10.0,,,,Unknown,CAD,
pakistani video brand,10.0,,,0.0,Low,CAD,
paramount vfx,10.0,,,0.0,Low,CAD,
peter jackson vfx company,10.0,,,0.0,Low,CAD,
philmcgi vfx,10.0,,,,Unknown,CAD,
phoenix corporate videographer,10.0,,,21.0,Low,CAD,
phoenix video production services,70.0,,,17.0,Low,CAD,
photography and video production company,40.0,3.2,17.68,7.0,Low,CAD,10.44
photography production agency,10.0,,,15.0,Low,CAD,
photorealistic 3d animation,20.0,,,0.0,Low,CAD,
pinaka studios vfx,10.0,,,0.0,Low,CAD,
pixar animation studios 3d,10.0,5.26,13.56,9.0,Low,CAD,9.41
pixel magic vfx,20.0,,,0.0,Low,CAD,
pixel vfx studio,10.0,,,11.0,Low,CAD,
pixelframes vfx,10.0,,,,Unknown,CAD,
pixelframes vfx studios,10.0,,,,Unknown,CAD,
pixomondo vfx,30.0,,,1.0,Low,CAD,
pixstone vfx,10.0,,,0.0,Low,CAD,
pixstone vfx studio,10.0,,,,Unknown,CAD,
plastic wax vfx,10.0,,,0.0,Low,CAD,
post production editing services,20.0,,,0.0,Low,CAD,
post production video editing services,50.0,,,1.0,Low,CAD,
prana studios vfx,10.0,,,0.0,Low,CAD,
prana vfx,10.0,,,0.0,Low,CAD,
prana vfx studio,10.0,,,,Unknown,CAD,
prasad vfx studio,10.0,,,,Unknown,CAD,
pre production production post production,260.0,,,0.0,Low,CAD,
pre roll digital advertising,10.0,,,0.0,Low,CAD,
premier production videos,20.0,,,0.0,Low,CAD,
prime focus animation studio,10.0,,,,Unknown,CAD,
prime focus post production,10.0,,,7.0,Low,CAD,
prime focus vfx company,10.0,,,,Unknown,CAD,
prime focus vfx studio,10.0,,,,Unknown,CAD,
prime vfx,10.0,,,,Unknown,CAD,
prime video marketing,20.0,14.27,46.66,12.0,Low,CAD,30.464999999999996
prism & pixels vfx studio,10.0,,,0.0,Low,CAD,
prism and pixels vfx studio,10.0,,,0.0,Low,CAD,
produce a corporate video,2900.0,6.51,32.18,5.0,Low,CAD,19.345
production commercials,210.0,5.96,44.3,8.0,Low,CAD,25.13
production company rate card,10.0,,,20.0,Low,CAD,
production company reels,40.0,2.7,11.38,26.0,Low,CAD,7.040000000000001
production youtube,320.0,2.16,9.63,5.0,Low,CAD,5.8950000000000005
professional corporate video production,50.0,,,0.0,Low,CAD,
professional production company,10.0,,,2.0,Low,CAD,
professional training video production,30.0,,,1.0,Low,CAD,
professional video producer,480.0,6.62,55.9,2.0,Low,CAD,31.259999999999998
professional video production services,480.0,13.69,50.63,1.0,Low,CAD,32.160000000000004
promotional video maker company,30.0,,,0.0,Low,CAD,
promotional video production services,110.0,,,0.0,Low,CAD,
r&h vfx,10.0,,,15.0,Low,CAD,
rai video production,10.0,,,0.0,Low,CAD,
raj vfx studio,10.0,,,,Unknown,CAD,
real estate video marketing agency,10.0,,,0.0,Low,CAD,
real estate video production services,90.0,1.87,6.33,1.0,Low,CAD,4.1
real estate videography business,10.0,1.69,4.43,22.0,Low,CAD,3.0599999999999996
reliance 3d animation,,,,,Unknown,CAD,
reliance mediaworks vfx,10.0,,,,Unknown,CAD,
resonance vfx studio,10.0,,,,Unknown,CAD,
rings of power vfx studio,10.0,,,,Unknown,CAD,
rising sun pictures vfx,30.0,,,0.0,Low,CAD,
rocket launch 3d animation,10.0,,,0.0,Low,CAD,
rodeo visual effects company,10.0,,,0.0,Low,CAD,
roll on advertisement,10.0,,,25.0,Low,CAD,
roush video production,10.0,,,29.0,Low,CAD,
rrr vfx studio,10.0,,,0.0,Low,CAD,
rrr visual effects company,10.0,,,0.0,Low,CAD,
sancio vfx,10.0,,,0.0,Low,CAD,
sancio vfx studios,10.0,,,0.0,Low,CAD,
satya sai vfx studio,10.0,,,,Unknown,CAD,
scanline vfx netflix,20.0,,,0.0,Low,CAD,
scanline vfx reel,10.0,,,0.0,Low,CAD,
screen scene post production,20.0,,,12.0,Low,CAD,
screen scene vfx,20.0,,,1.0,Low,CAD,
sd character design,10.0,,,,Unknown,CAD,
select vfx studio,10.0,,,0.0,Low,CAD,
semenax video,30.0,,,1.0,Low,CAD,
semenex commercial,10.0,,,0.0,Low,CAD,
service video production,8100.0,5.36,20.96,3.0,Low,CAD,13.16
sf production companies,210.0,3.86,14.91,27.0,Low,CAD,9.385
sf video production,1300.0,3.93,20.26,8.0,Low,CAD,12.095
shilpa shetty vfx studio,10.0,,,,Unknown,CAD,
shirt video,30.0,,,0.0,Low,CAD,
shoot you video production,10.0,,,5.0,Low,CAD,
shootsta hub,10.0,,,0.0,Low,CAD,
shootsta video,10.0,,,0.0,Low,CAD,
silvercloud studios vfx,10.0,,,,Unknown,CAD,
singarajan vfx studio,0.0,,,,Unknown,CAD,
sketchup walkthrough animation,10.0,,,0.0,Low,CAD,
sky vfx studios,10.0,,,,Unknown,CAD,
sme video production,10.0,,,29.0,Low,CAD,
snack video advertisement,10.0,,,1.0,Low,CAD,
social media lead machine blake nubar,10.0,,,,Unknown,CAD,
social media video production services,70.0,,,2.0,Low,CAD,
social video company,20.0,,,0.0,Low,CAD,
soft video,390.0,4.63,22.09,3.0,Low,CAD,13.36
somesuch vimeo,10.0,,,7.0,Low,CAD,
sonic the hedgehog vfx studio,10.0,,,0.0,Low,CAD,
spectrecom films,30.0,,,2.0,Low,CAD,
spot on video productions,10.0,,,7.0,Low,CAD,
squatty potty unicorn video,50.0,,,0.0,Low,CAD,
ssvfx studio,10.0,,,0.0,Low,CAD,
stargate vfx,20.0,,,0.0,Low,CAD,
starting your own video production company,10.0,,,36.0,Medium,CAD,
startup explainer video maker,10.0,,,0.0,Low,CAD,
startup video company,10.0,,,0.0,Low,CAD,
startup video production company,90.0,,,1.0,Low,CAD,
static vfx studio,10.0,,,0.0,Low,CAD,
staticvfx,10.0,,,0.0,Low,CAD,
staticvfx studio,10.0,,,0.0,Low,CAD,
storm studios vfx,20.0,2.69,4.89,7.0,Low,CAD,3.79
stormborn vfx,10.0,,,9.0,Low,CAD,
stream princess mononoke hulu,50.0,,,0.0,Low,CAD,
studio 51 vfx,20.0,,,0.0,Low,CAD,
suhana masala advertisement video,0.0,,,,Unknown,CAD,
surpreeze vfx studio,10.0,,,,Unknown,CAD,
svs studio vfx,0.0,,,,Unknown,CAD,
svs vfx studio,0.0,,,,Unknown,CAD,
technicolor creative studios mpc,10.0,,,,Unknown,CAD,
technicolor vfx,590.0,,,2.0,Low,CAD,
technicolour vfx,10.0,,,4.0,Low,CAD,
television video content brands,10.0,,,5.0,Low,CAD,
telideo productions,10.0,,,1.0,Low,CAD,
territory vfx,40.0,,,3.0,Low,CAD,
the aerial filming company,20.0,1.41,8.26,9.0,Low,CAD,4.835
the best corporate videos,10.0,,,11.0,Low,CAD,
the foundry nuke studio,30.0,,,3.0,Low,CAD,
the mill vfx,720.0,2.25,4.89,1.0,Low,CAD,3.57
the mill video production,10.0,,,0.0,Low,CAD,
the mill visual effects,720.0,2.25,4.89,1.0,Low,CAD,3.57
the molecule vfx,20.0,,,1.0,Low,CAD,
the room studio vfx,0.0,,,,Unknown,CAD,
the vfx company,10.0,,,0.0,Low,CAD,
the video content agency,10.0,,,0.0,Low,CAD,
the video marketing company,20.0,,,5.0,Low,CAD,
the video production company,10.0,5.07,15.37,30.0,Low,CAD,10.219999999999999
the wedding video company,10.0,,,0.0,Low,CAD,
third floor vfx,30.0,,,9.0,Low,CAD,
thor love and thunder vfx studio,10.0,,,,Unknown,CAD,
thunder vfx studio,10.0,,,,Unknown,CAD,
tippett vfx,10.0,,,13.0,Low,CAD,
top 10 vfx companies,10.0,,,14.0,Low,CAD,
top 10 vfx companies in the world,10.0,,,0.0,Low,CAD,
top 10 vfx companies in world,10.0,,,0.0,Low,CAD,
top 10 vfx studios,10.0,,,0.0,Low,CAD,
top 10 vfx studios in world,10.0,,,,Unknown,CAD,
top 100 video production companies,10.0,,,57.0,Medium,CAD,
top 5 vfx companies in the world,10.0,,,0.0,Low,CAD,
top brand videos,10.0,,,0.0,Low,CAD,
top corporate video companies,30.0,,,0.0,Low,CAD,
top corporate video production companies,40.0,,,0.0,Low,CAD,
top film production,10.0,,,0.0,Low,CAD,
top special effects companies,10.0,,,4.0,Low,CAD,
top ten visual effects companies,10.0,,,,Unknown,CAD,
top vfx companies,50.0,3.36,6.99,7.0,Low,CAD,5.175
top vfx companies in the world,10.0,,,1.0,Low,CAD,
top vfx studio,20.0,,,0.0,Low,CAD,
top vfx studios in the world,10.0,,,14.0,Low,CAD,
top vfx studios in world,10.0,,,,Unknown,CAD,
top video production,260.0,4.25,23.72,9.0,Low,CAD,13.985
top video production websites,20.0,,,6.0,Low,CAD,
top visual effects companies,50.0,3.36,6.99,7.0,Low,CAD,5.175
trace vfx studio,10.0,,,,Unknown,CAD,
trace vfx technicolor,10.0,,,,Unknown,CAD,
traditional animation studio,10.0,,,0.0,Low,CAD,
training on video production,880.0,4.75,27.91,5.0,Low,CAD,16.33
training video production services,50.0,,,0.0,Low,CAD,
trixter visual effects,110.0,2.21,8.33,3.0,Low,CAD,5.27
tubi tv bleach,10.0,,,0.0,Low,CAD,
tv ads production,880.0,6.63,36.04,1.0,Low,CAD,21.335
tv commercial film production company,10.0,,,,Unknown,CAD,
tv commercial production services,30.0,,,0.0,Low,CAD,
tv commercial production studio,30.0,,,1.0,Low,CAD,
tv commercial video,20.0,7.42,26.8,13.0,Low,CAD,17.11
tv film & video production services,50.0,,,0.0,Low,CAD,
tv film and video production company,10.0,,,0.0,Low,CAD,
tv video production companies,20.0,,,0.0,Low,CAD,
ultra video company,10.0,,,0.0,Low,CAD,
unique brand video,10.0,,,,Unknown,CAD,
untold studios vfx,30.0,2.08,5.04,10.0,Low,CAD,3.56
untold vfx,140.0,2.3,9.34,2.0,Low,CAD,5.82
v21 video production,10.0,,,0.0,Low,CAD,
vfx and animation studio,20.0,4.89,13.53,22.0,Low,CAD,9.209999999999999
vfx animation company,10.0,,,0.0,Low,CAD,
vfx companies in world,10.0,,,0.0,Low,CAD,
vfx company for marvel,10.0,,,,Unknown,CAD,
vfx company logo,10.0,,,0.0,Low,CAD,
vfx company website,10.0,,,3.0,Low,CAD,
vfx creative studios,10.0,,,7.0,Low,CAD,
vfx ilm,480.0,,,0.0,Low,CAD,
vfx lens studio,10.0,,,,Unknown,CAD,
vfx marvel,20.0,,,0.0,Low,CAD,
vfx marvel studio,10.0,,,0.0,Low,CAD,
vfx outsourcing companies,30.0,,,5.0,Low,CAD,
vfx paint studio,10.0,,,,Unknown,CAD,
vfx production house,20.0,3.13,7.32,15.0,Low,CAD,5.225
vfx rig removal services,10.0,,,,Unknown,CAD,
vfx studio dneg,10.0,,,0.0,Low,CAD,
vfx studio europe,10.0,,,1.0,Low,CAD,
vfx studio mpc,10.0,,,0.0,Low,CAD,
vfx studios worldwide,10.0,,,21.0,Low,CAD,
vfx the mill,10.0,,,0.0,Low,CAD,
vfx top companies,10.0,,,0.0,Low,CAD,
vfxstudio,1600.0,1.91,5.59,5.0,Low,CAD,3.75
video agency studio,20.0,,,0.0,Low,CAD,
video amp,3600.0,0.66,27.95,11.0,Low,CAD,14.305
video and production,30.0,6.44,23.2,10.0,Low,CAD,14.82
video commercial company,90.0,12.74,39.1,11.0,Low,CAD,25.92
video commercial production companies,90.0,,,0.0,Low,CAD,
video company video,10.0,,,0.0,Low,CAD,
video content for brands,20.0,,,3.0,Low,CAD,
video content marketing companies,170.0,11.57,26.78,3.0,Low,CAD,19.175
video editing production companies,20.0,,,9.0,Low,CAD,
video explainers agency,10.0,,,0.0,Low,CAD,
video firms,10.0,,,7.0,Low,CAD,
video magic productions,20.0,1.57,7.03,15.0,Low,CAD,4.3
video marketing brand awareness,10.0,,,7.0,Low,CAD,
video marketing for your business,10.0,,,0.0,Low,CAD,
video marketing producer,20.0,,,8.0,Low,CAD,
video marketing production services,210.0,6.29,31.95,1.0,Low,CAD,19.12
video new brand,10.0,,,,Unknown,CAD,
video pal,90.0,3.42,5.45,3.0,Low,CAD,4.4350000000000005
video post production studio,10.0,,,0.0,Low,CAD,
video pre roll advertising,110.0,5.95,55.9,3.0,Low,CAD,30.925
video production advertising agency,170.0,,,0.0,Low,CAD,
video production agency for healthcare,30.0,,,0.0,Low,CAD,
video production and photography services,10.0,,,,Unknown,CAD,
video production by,10.0,,,16.0,Low,CAD,
video production clients,10.0,,,40.0,Medium,CAD,
video production co,10.0,,,5.0,Low,CAD,
video production company devon,10.0,2.02,9.2,33.0,Medium,CAD,5.609999999999999
video production company sussex,110.0,2.51,33.87,4.0,Low,CAD,18.189999999999998
video production digital marketing,50.0,,,0.0,Low,CAD,
video production full service,40.0,,,0.0,Low,CAD,
video production lancaster,50.0,2.85,7.94,10.0,Low,CAD,5.3950000000000005
video production nc,50.0,4.21,17.32,12.0,Low,CAD,10.765
video production office,20.0,,,1.0,Low,CAD,
video production producer,2900.0,3.28,15.11,5.0,Low,CAD,9.195
video production service company,70.0,4.57,7.71,3.0,Low,CAD,6.140000000000001
video production services pricing,20.0,,,0.0,Low,CAD,
video services company,30.0,,,6.0,Low,CAD,
video studio company,10.0,,,0.0,Low,CAD,
video video company,10.0,,,0.0,Low,CAD,
videoz agency,10.0,,,,Unknown,CAD,
viral brand videos,10.0,,,2.0,Low,CAD,
viral video marketing agency,210.0,6.13,19.19,10.0,Low,CAD,12.66
visual effects houses,10.0,,,5.0,Low,CAD,
visual production service,10.0,,,25.0,Low,CAD,
visual studio effects,10.0,,,,Unknown,CAD,
vivid video production,10.0,,,0.0,Low,CAD,
vmix social facebook,10.0,,,,Unknown,CAD,
vox video productions,10.0,,,0.0,Low,CAD,
walk animation,3600.0,,,0.0,Low,CAD,
walkthrough animation,30.0,,,4.0,Low,CAD,
warner bros vfx,10.0,,,0.0,Low,CAD,
web video companies,70.0,,,3.0,Low,CAD,
web video production,320.0,3.13,17.3,0.0,Low,CAD,10.215
web video production agency,50.0,6.5,13.11,8.0,Low,CAD,9.805
web video production companies,50.0,,,2.0,Low,CAD,
web video production service,140.0,,,0.0,Low,CAD,
wedding video production services,20.0,,,0.0,Low,CAD,
west coast video production,40.0,,,6.0,Low,CAD,
west video productions,10.0,,,3.0,Low,CAD,
weta digital vfx,260.0,,,0.0,Low,CAD,
white label programmatic video advertising,10.0,,,0.0,Low,CAD,
white label video advertising,10.0,,,0.0,Low,CAD,
whiteboard video animation services,70.0,,,3.0,Low,CAD,
wildlife logo design,20.0,,,13.0,Low,CAD,
windmill lane creative content vfx audio & post production studio,10.0,,,,Unknown,CAD,
windmill lane vfx,40.0,,,0.0,Low,CAD,
world best vfx studio,10.0,,,0.0,Low,CAD,
world biggest vfx company,10.0,,,0.0,Low,CAD,
world no 1 vfx company,10.0,,,,Unknown,CAD,
world top 10 vfx studios,10.0,,,,Unknown,CAD,
world top vfx company,10.0,,,14.0,Low,CAD,
xstudio dneg,10.0,,,0.0,Low,CAD,
yashraj vfx studio,10.0,,,0.0,Low,CAD,
youtube brand advertising,10.0,6.28,45.33,40.0,Medium,CAD,25.805
youtube brand positioning,10.0,,,0.0,Low,CAD,
youtube creator playbook for brands,10.0,,,0.0,Low,CAD,
youtube production house,10.0,,,0.0,Low,CAD,
youtube products,1900.0,,,0.0,Low,CAD,
youtube video tags finder,50.0,,,1.0,Low,CAD,
yugioh pluto tv,40.0,,,0.0,Low,CAD,
yum yum explainer video,10.0,,,86.0,High,CAD,
ziva vfx blender,10.0,,,0.0,Low,CAD,
zoic vfx,70.0,3.06,9.44,3.0,Low,CAD,6.25
zoic visual effects,70.0,3.06,9.44,3.0,Low,CAD,6.25
short video production,90.0,3.28,11.46,19.0,Low,CAD,7.37
vertical video ads,140.0,7.7,39.16,20.0,Low,CAD,23.43
tiktok video agency,40.0,11.27,63.49,13.0,Low,CAD,37.38
mobile video advertising,170.0,7.11,23.94,6.0,Low,CAD,15.525
digital content production,110.0,3.61,12.16,5.0,Low,CAD,7.885
videography services,2400.0,4.19,21.7,10.0,Low,CAD,12.945
content production agency,320.0,3.76,15.8,5.0,Low,CAD,9.780000000000001
explainer video production company,390.0,12.78,47.5,3.0,Low,CAD,30.14
tiktok video editing agency,10.0,,,86.0,High,CAD,
ross ultrix,390.0,2.34,4.13,16.0,Low,CAD,3.235
ross switcher,880.0,0.96,2.41,44.0,Medium,CAD,1.685
corporate video company,480.0,6.68,34.52,2.0,Low,CAD,20.6
tiktok editing agency,10.0,,,93.0,High,CAD,
business video production,880.0,4.17,37.59,3.0,Low,CAD,20.880000000000003
apps for creating reels,110.0,1.73,5.49,74.0,High,CAD,3.6100000000000003
vision mixer,720.0,0.82,3.03,88.0,High,CAD,1.9249999999999998
content automation platforms,110.0,13.01,27.81,4.0,Low,CAD,20.41
ross carbonite ultra,210.0,1.04,3.1,85.0,High,CAD,2.0700000000000003
video filming,1900.0,2.19,4.19,3.0,Low,CAD,3.1900000000000004
short video production cost,10.0,,,86.0,High,CAD,
viral marketing company,90.0,12.61,36.83,25.0,Low,CAD,24.72
mobile video ads,170.0,7.11,23.94,6.0,Low,CAD,15.525
bynder video brand studio,10.0,,,,Unknown,CAD,
corporate video production company,590.0,6.26,33.27,3.0,Low,CAD,19.765
tiktok clip agency,10.0,,,86.0,High,CAD,
brightsign video wall,50.0,0.81,9.2,24.0,Low,CAD,5.005
mobile app promotion video,20.0,2.43,11.46,16.0,Low,CAD,6.945
digital content production company,90.0,,,1.0,Low,CAD,
video billboard truck,20.0,3.97,11.21,38.0,Medium,CAD,7.590000000000001
digital content delivery platform,40.0,8.55,30.3,3.0,Low,CAD,19.425
vertical videos on linkedin,90.0,,,4.0,Low,CAD,
software for making reels,10.0,2.21,8.4,66.0,Medium,CAD,5.305
mobile app video ads,110.0,3.94,34.22,8.0,Low,CAD,19.08
content production system,10.0,,,14.0,Low,CAD,
video advertising truck,20.0,4.04,8.94,62.0,Medium,CAD,6.49
facebook vertical ads,10.0,,,16.0,Low,CAD,
mobile app advertising video,10.0,,,86.0,High,CAD,
facebook vertical video ad specs,10.0,,,0.0,Low,CAD,
vertical video advertising,140.0,7.7,39.16,20.0,Low,CAD,23.43
mobile video advertising companies,10.0,,,0.0,Low,CAD,
best rewarded video ad network,10.0,,,4.0,Low,CAD,
admob invalid traffic appeal,10.0,,,,Unknown,CAD,
creative vertical video,10.0,,,0.0,Low,CAD,
digital content etsy,10.0,,,100.0,High,CAD,
digital content management associate,10.0,,,0.0,Low,CAD,
digital content on etsy,10.0,,,45.0,Medium,CAD,
digital content production agency,90.0,,,1.0,Low,CAD,
digital content production studio,10.0,,,0.0,Low,CAD,
digital content studio,210.0,,,9.0,Low,CAD,
digital video content,30.0,3.52,13.21,5.0,Low,CAD,8.365
facebook vertical video,50.0,,,5.0,Low,CAD,
facebook vertical video ads,10.0,,,8.0,Low,CAD,
facebook vertical video specs,10.0,,,10.0,Low,CAD,
facebook video vertical,10.0,,,0.0,Low,CAD,
instagram reels canva,50.0,,,5.0,Low,CAD,
interactive mobile video advertising,10.0,,,,Unknown,CAD,
mobile app video advertising,110.0,3.94,34.22,8.0,Low,CAD,19.08
mobile game ads on youtube,30.0,,,4.0,Low,CAD,
mobile game video ads,10.0,,,10.0,Low,CAD,
mobile game youtube ads,10.0,,,0.0,Low,CAD,
mobile marketing video,20.0,,,0.0,Low,CAD,
mobile phone advertisement video,10.0,,,0.0,Low,CAD,
mobile shop advertisement video,10.0,,,,Unknown,CAD,
mobile video ad cpm,20.0,,,0.0,Low,CAD,
mobile video ad formats,10.0,,,0.0,Low,CAD,
mobile video ad networks,10.0,,,0.0,Low,CAD,
mobile video ad platform,20.0,,,2.0,Low,CAD,
mobile video advertising 2017,10.0,,,0.0,Low,CAD,
mobile video advertising growth,10.0,,,,Unknown,CAD,
mobile video advertising platform,20.0,,,2.0,Low,CAD,
online content production,10.0,,,26.0,Low,CAD,
programmatic mobile video,10.0,,,,Unknown,CAD,
reels no canva,10.0,,,,Unknown,CAD,
short film making company,20.0,,,0.0,Low,CAD,
social media asset management platform,10.0,,,0.0,Low,CAD,
tai lopez viral video influencer agency,10.0,,,,Unknown,CAD,
tmobile ads,880.0,1.59,35.43,3.0,Low,CAD,18.51
tsa tiktok video,10.0,,,,Unknown,CAD,
tube short,590.0,,,3.0,Low,CAD,
u tube short,673000.0,0.01,0.04,2.0,Low,CAD,0.025
vertical ad,320.0,11.15,83.65,2.0,Low,CAD,47.400000000000006
vertical ads youtube,10.0,,,0.0,Low,CAD,
vertical video ads youtube,10.0,,,29.0,Low,CAD,
vertical video examples,70.0,,,2.0,Low,CAD,
vertical video format instagram,10.0,,,0.0,Low,CAD,
vertical video on facebook,50.0,,,5.0,Low,CAD,
vertical youtube ads,30.0,,,0.0,Low,CAD,
viral ad agency,10.0,40.86,90.02,6.0,Low,CAD,65.44
viral advertising agency,10.0,40.86,90.02,6.0,Low,CAD,65.44
viral video influencer agency,10.0,,,71.0,High,CAD,
viral video marketing companies,10.0,,,0.0,Low,CAD,
youtube ads mobile,110.0,,,0.0,Low,CAD,
youtube shorts template canva,10.0,,,0.0,Low,CAD,
youtube vertical ad,90.0,,,1.0,Low,CAD,
youtube vertical video,880.0,,,0.0,Low,CAD,
youtube vertical video 2022,10.0,,,,Unknown,CAD,
youtube vertical video ads,20.0,,,2.0,Low,CAD,
youtube vertical video upload,10.0,,,0.0,Low,CAD,
instagram reels video production,,,,,Unknown,CAD,
youtube shorts production,,,,,Unknown,CAD,
social media ad videos,,,,,Unknown,CAD,
